Bil,Kod Projek & Nama Projek,Kod Pemaju & Nama Pemaju,No. Permit,No PT/Lot/Plot,No Unit,Harga Jualan (RM),Harga SPJB (RM),Status Jualan,Kuota Bumi,Scraped_Date,Scraped_Timestamp
1,19440-7 RESIDENSI BACHANG,19440 SERTA LEGA DEVELOPMENT SDN. BHD.,19440-7/06-2028/0507(N)-(S),-,L1,"RM 757,000.00","RM 757,000.00",Telah Dijual,Tidak,2025-12-21,2025-12-21 03:02:15
2,19440-7 RESIDENSI BACHANG,19440 SERTA LEGA DEVELOPMENT SDN. BHD.,19440-7/06-2028/0507(N)-(S),-,L2,"RM 640,000.00",-,Belum Dijual,Tidak,2025-12-21,2025-12-21 03:02:15
3,19440-7 RESIDENSI BACHANG,19440 SERTA LEGA DEVELOPMENT SDN. BHD.,19440-7/06-2028/0507(N)-(S),-,L3,"RM 640,000.00","RM 640,000.00",Telah Dijual,Tidak,2025-12-21,2025-12-21 03:02:15
4,19440-7 RESIDENSI BACHANG,19440 SERTA LEGA DEVELOPMENT SDN. BHD.,19440-7/06-2028/0507(N)-(S),-,L4,"RM 640,000.00","RM 640,000.00",Telah Dijual,Tidak,2025-12-21,2025-12-21 03:02:15
5,19440-7 RESIDENSI BACHANG,19440 SERTA LEGA DEVELOPMENT SDN. BHD.,19440-7/06-2028/0507(N)-(S),-,L5,"RM 640,000.00",-,Belum Dijual,Tidak,2025-12-21,2025-12-21 03:02:15
6,19440-7 RESIDENSI BACHANG,19440 SERTA LEGA DEVELOPMENT SDN. BHD.,19440-7/06-2028/0507(N)-(S),-,L6,"RM 640,000.00","RM 640,000.00",Telah Dijual,Tidak,2025-12-21,2025-12-21 03:02:15
7,19440-7 RESIDENSI BACHANG,19440 SERTA LEGA DEVELOPMENT SDN. BHD.,19440-7/06-2028/0507(N)-(S),-,L7,"RM 640,000.00",-,Belum Dijual,Tidak,2025-12-21,2025-12-21 03:02:15
8,19440-7 RESIDENSI BACHANG,19440 SERTA LEGA DEVELOPMENT SDN. BHD.,19440-7/06-2028/0507(N)-(S),-,L8,"RM 640,000.00",-,Belum Dijual,Tidak,2025-12-21,2025-12-21 03:02:15
9,19440-7 RESIDENSI BACHANG,19440 SERTA LEGA DEVELOPMENT SDN. BHD.,19440-7/06-2028/0507(N)-(S),-,L9,"RM 640,000.00",-,Belum Dijual,Tidak,2025-12-21,2025-12-21 03:02:15
10,19440-7 RESIDENSI BACHANG,19440 SERTA LEGA DEVELOPMENT SDN. BHD.,19440-7/06-2028/0507(N)-(S),-,L10,"RM 659,000.00",-,Belum Dijual,Tidak,2025-12-21,2025-12-21 03:02:15
11,19440-7 RESIDENSI BACHANG,19440 SERTA LEGA DEVELOPMENT SDN. BHD.,19440-7/06-2028/0507(N)-(S),-,L11,"RM 640,000.00",-,Belum Dijual,Tidak,2025-12-21,2025-12-21 03:02:15
12,19440-7 RESIDENSI BACHANG,19440 SERTA LEGA DEVELOPMENT SDN. BHD.,19440-7/06-2028/0507(N)-(S),-,L12,"RM 640,000.00",-,Belum Dijual,Tidak,2025-12-21,2025-12-21 03:02:15
13,19440-7 RESIDENSI BACHANG,19440 SERTA LEGA DEVELOPMENT SDN. BHD.,19440-7/06-2028/0507(N)-(S),-,L13,"RM 640,000.00",-,Belum Dijual,Tidak,2025-12-21,2025-12-21 03:02:15
14,19440-7 RESIDENSI BACHANG,19440 SERTA LEGA DEVELOPMENT SDN. BHD.,19440-7/06-2028/0507(N)-(S),-,L14,"RM 720,000.00",-,Belum Dijual,Tidak,2025-12-21,2025-12-21 03:02:15
15,19440-7 RESIDENSI BACHANG,19440 SERTA LEGA DEVELOPMENT SDN. BHD.,19440-7/06-2028/0507(N)-(S),-,L15,"RM 666,000.00",-,Belum Dijual,Tidak,2025-12-21,2025-12-21 03:02:15
16,19440-7 RESIDENSI BACHANG,19440 SERTA LEGA DEVELOPMENT SDN. BHD.,19440-7/06-2028/0507(N)-(S),-,L16,"RM 640,000.00",-,Belum Dijual,Tidak,2025-12-21,2025-12-21 03:02:15
17,19440-7 RESIDENSI BACHANG,19440 SERTA LEGA DEVELOPMENT SDN. BHD.,19440-7/06-2028/0507(N)-(S),-,L17,"RM 640,000.00",-,Belum Dijual,Tidak,2025-12-21,2025-12-21 03:02:15
18,19440-7 RESIDENSI BACHANG,19440 SERTA LEGA DEVELOPMENT SDN. BHD.,19440-7/06-2028/0507(N)-(S),-,L18,"RM 640,000.00",-,Belum Dijual,Tidak,2025-12-21,2025-12-21 03:02:15
19,19440-7 RESIDENSI BACHANG,19440 SERTA LEGA DEVELOPMENT SDN. BHD.,19440-7/06-2028/0507(N)-(S),-,L19,"RM 640,000.00",-,Belum Dijual,Tidak,2025-12-21,2025-12-21 03:02:15
20,19440-7 RESIDENSI BACHANG,19440 SERTA LEGA DEVELOPMENT SDN. BHD.,19440-7/06-2028/0507(N)-(S),-,L20,"RM 640,000.00",-,Belum Dijual,Tidak,2025-12-21,2025-12-21 03:02:15
21,19440-7 RESIDENSI BACHANG,19440 SERTA LEGA DEVELOPMENT SDN. BHD.,19440-7/06-2028/0507(N)-(S),-,L21,"RM 640,000.00",-,Belum Dijual,Tidak,2025-12-21,2025-12-21 03:02:15
22,19440-7 RESIDENSI BACHANG,19440 SERTA LEGA DEVELOPMENT SDN. BHD.,19440-7/06-2028/0507(N)-(S),-,L22,"RM 640,000.00",-,Belum Dijual,Tidak,2025-12-21,2025-12-21 03:02:15
23,19440-7 RESIDENSI BACHANG,19440 SERTA LEGA DEVELOPMENT SDN. BHD.,19440-7/06-2028/0507(N)-(S),-,L23,"RM 848,000.00",-,Belum Dijual,Tidak,2025-12-21,2025-12-21 03:02:15
24,19440-7 RESIDENSI BACHANG,19440 SERTA LEGA DEVELOPMENT SDN. BHD.,19440-7/06-2028/0507(N)-(S),-,L24,"RM 839,000.00",-,Belum Dijual,Tidak,2025-12-21,2025-12-21 03:02:15
25,19440-7 RESIDENSI BACHANG,19440 SERTA LEGA DEVELOPMENT SDN. BHD.,19440-7/06-2028/0507(N)-(S),-,L25,"RM 640,000.00",-,Belum Dijual,Tidak,2025-12-21,2025-12-21 03:02:15
26,19440-7 RESIDENSI BACHANG,19440 SERTA LEGA DEVELOPMENT SDN. BHD.,19440-7/06-2028/0507(N)-(S),-,L26,"RM 640,000.00",-,Belum Dijual,Tidak,2025-12-21,2025-12-21 03:02:15
27,19440-7 RESIDENSI BACHANG,19440 SERTA LEGA DEVELOPMENT SDN. BHD.,19440-7/06-2028/0507(N)-(S),-,L27,"RM 640,000.00",-,Belum Dijual,Tidak,2025-12-21,2025-12-21 03:02:15
28,19440-7 RESIDENSI BACHANG,19440 SERTA LEGA DEVELOPMENT SDN. BHD.,19440-7/06-2028/0507(N)-(S),-,L28,"RM 640,000.00",-,Belum Dijual,Tidak,2025-12-21,2025-12-21 03:02:15
29,19440-7 RESIDENSI BACHANG,19440 SERTA LEGA DEVELOPMENT SDN. BHD.,19440-7/06-2028/0507(N)-(S),-,L29,"RM 640,000.00",-,Belum Dijual,Tidak,2025-12-21,2025-12-21 03:02:15
30,19440-7 RESIDENSI BACHANG,19440 SERTA LEGA DEVELOPMENT SDN. BHD.,19440-7/06-2028/0507(N)-(S),-,L30,"RM 640,000.00","RM 640,000.00",Telah Dijual,Tidak,2025-12-21,2025-12-21 03:02:15
31,19440-7 RESIDENSI BACHANG,19440 SERTA LEGA DEVELOPMENT SDN. BHD.,19440-7/06-2028/0507(N)-(S),-,L31,"RM 640,000.00",-,Belum Dijual,Tidak,2025-12-21,2025-12-21 03:02:15
32,19440-7 RESIDENSI BACHANG,19440 SERTA LEGA DEVELOPMENT SDN. BHD.,19440-7/06-2028/0507(N)-(S),-,L32,"RM 640,000.00",-,Belum Dijual,Tidak,2025-12-21,2025-12-21 03:02:15
33,19440-7 RESIDENSI BACHANG,19440 SERTA LEGA DEVELOPMENT SDN. BHD.,19440-7/06-2028/0507(N)-(S),-,L33,"RM 766,000.00",-,Belum Dijual,Tidak,2025-12-21,2025-12-21 03:02:15
34,19440-7 RESIDENSI BACHANG,19440 SERTA LEGA DEVELOPMENT SDN. BHD.,19440-7/06-2028/0507(N)-(S),-,L34,"RM 689,000.00",-,Belum Dijual,Tidak,2025-12-21,2025-12-21 03:02:15
35,19440-7 RESIDENSI BACHANG,19440 SERTA LEGA DEVELOPMENT SDN. BHD.,19440-7/06-2028/0507(N)-(S),-,L35,"RM 640,000.00",-,Belum Dijual,Tidak,2025-12-21,2025-12-21 03:02:15
36,19440-7 RESIDENSI BACHANG,19440 SERTA LEGA DEVELOPMENT SDN. BHD.,19440-7/06-2028/0507(N)-(S),-,L36,"RM 640,000.00",-,Belum Dijual,Tidak,2025-12-21,2025-12-21 03:02:15
37,19440-7 RESIDENSI BACHANG,19440 SERTA LEGA DEVELOPMENT SDN. BHD.,19440-7/06-2028/0507(N)-(S),-,L37,"RM 640,000.00","RM 640,000.00",Telah Dijual,Tidak,2025-12-21,2025-12-21 03:02:15
38,19440-7 RESIDENSI BACHANG,19440 SERTA LEGA DEVELOPMENT SDN. BHD.,19440-7/06-2028/0507(N)-(S),-,L38,"RM 640,000.00",-,Belum Dijual,Tidak,2025-12-21,2025-12-21 03:02:15
39,19440-7 RESIDENSI BACHANG,19440 SERTA LEGA DEVELOPMENT SDN. BHD.,19440-7/06-2028/0507(N)-(S),-,L39,"RM 640,000.00","RM 640,000.00",Telah Dijual,Tidak,2025-12-21,2025-12-21 03:02:15
40,19440-7 RESIDENSI BACHANG,19440 SERTA LEGA DEVELOPMENT SDN. BHD.,19440-7/06-2028/0507(N)-(S),-,L40,"RM 640,000.00",-,Belum Dijual,Tidak,2025-12-21,2025-12-21 03:02:15
41,19440-7 RESIDENSI BACHANG,19440 SERTA LEGA DEVELOPMENT SDN. BHD.,19440-7/06-2028/0507(N)-(S),-,L41,"RM 640,000.00",-,Belum Dijual,Tidak,2025-12-21,2025-12-21 03:02:15
42,19440-7 RESIDENSI BACHANG,19440 SERTA LEGA DEVELOPMENT SDN. BHD.,19440-7/06-2028/0507(N)-(S),-,L42,"RM 640,000.00",-,Belum Dijual,Tidak,2025-12-21,2025-12-21 03:02:15
43,19440-7 RESIDENSI BACHANG,19440 SERTA LEGA DEVELOPMENT SDN. BHD.,19440-7/06-2028/0507(N)-(S),-,L43,"RM 897,000.00",-,Belum Dijual,Tidak,2025-12-21,2025-12-21 03:02:15
44,19440-7 RESIDENSI BACHANG,19440 SERTA LEGA DEVELOPMENT SDN. BHD.,19440-7/06-2028/0507(N)-(S),-,L44,"RM 859,000.00","RM 859,000.00",Telah Dijual,Tidak,2025-12-21,2025-12-21 03:02:15
45,19440-7 RESIDENSI BACHANG,19440 SERTA LEGA DEVELOPMENT SDN. BHD.,19440-7/06-2028/0507(N)-(S),-,L45,"RM 640,000.00","RM 640,000.00",Telah Dijual,Tidak,2025-12-21,2025-12-21 03:02:15
46,19440-7 RESIDENSI BACHANG,19440 SERTA LEGA DEVELOPMENT SDN. BHD.,19440-7/06-2028/0507(N)-(S),-,L46,"RM 640,000.00",-,Belum Dijual,Tidak,2025-12-21,2025-12-21 03:02:15
47,19440-7 RESIDENSI BACHANG,19440 SERTA LEGA DEVELOPMENT SDN. BHD.,19440-7/06-2028/0507(N)-(S),-,L47,"RM 640,000.00",-,Belum Dijual,Tidak,2025-12-21,2025-12-21 03:02:15
48,19440-7 RESIDENSI BACHANG,19440 SERTA LEGA DEVELOPMENT SDN. BHD.,19440-7/06-2028/0507(N)-(S),-,L48,"RM 640,000.00",-,Belum Dijual,Tidak,2025-12-21,2025-12-21 03:02:15
49,19440-7 RESIDENSI BACHANG,19440 SERTA LEGA DEVELOPMENT SDN. BHD.,19440-7/06-2028/0507(N)-(S),-,L49,"RM 640,000.00",-,Belum Dijual,Tidak,2025-12-21,2025-12-21 03:02:15
50,19440-7 RESIDENSI BACHANG,19440 SERTA LEGA DEVELOPMENT SDN. BHD.,19440-7/06-2028/0507(N)-(S),-,L50,"RM 640,000.00",-,Belum Dijual,Tidak,2025-12-21,2025-12-21 03:02:15
51,19440-7 RESIDENSI BACHANG,19440 SERTA LEGA DEVELOPMENT SDN. BHD.,19440-7/06-2028/0507(N)-(S),-,L51,"RM 640,000.00",-,Belum Dijual,Tidak,2025-12-21,2025-12-21 03:02:15
52,19440-7 RESIDENSI BACHANG,19440 SERTA LEGA DEVELOPMENT SDN. BHD.,19440-7/06-2028/0507(N)-(S),-,L52,"RM 744,000.00","RM 744,000.00",Telah Dijual,Tidak,2025-12-21,2025-12-21 03:02:15
53,19440-7 RESIDENSI BACHANG,19440 SERTA LEGA DEVELOPMENT SDN. BHD.,19440-7/06-2028/0507(N)-(S),-,L53,"RM 771,000.00",-,Belum Dijual,Tidak,2025-12-21,2025-12-21 03:02:15
54,19440-7 RESIDENSI BACHANG,19440 SERTA LEGA DEVELOPMENT SDN. BHD.,19440-7/06-2028/0507(N)-(S),-,L54,"RM 640,000.00",-,Belum Dijual,Tidak,2025-12-21,2025-12-21 03:02:15
55,19440-7 RESIDENSI BACHANG,19440 SERTA LEGA DEVELOPMENT SDN. BHD.,19440-7/06-2028/0507(N)-(S),-,L55,"RM 640,000.00",-,Belum Dijual,Tidak,2025-12-21,2025-12-21 03:02:15
56,19440-7 RESIDENSI BACHANG,19440 SERTA LEGA DEVELOPMENT SDN. BHD.,19440-7/06-2028/0507(N)-(S),-,L56,"RM 640,000.00",-,Belum Dijual,Tidak,2025-12-21,2025-12-21 03:02:15
57,19440-7 RESIDENSI BACHANG,19440 SERTA LEGA DEVELOPMENT SDN. BHD.,19440-7/06-2028/0507(N)-(S),-,L57,"RM 640,000.00",-,Belum Dijual,Tidak,2025-12-21,2025-12-21 03:02:15
58,19440-7 RESIDENSI BACHANG,19440 SERTA LEGA DEVELOPMENT SDN. BHD.,19440-7/06-2028/0507(N)-(S),-,L58,"RM 640,000.00",-,Belum Dijual,Tidak,2025-12-21,2025-12-21 03:02:15
59,19440-7 RESIDENSI BACHANG,19440 SERTA LEGA DEVELOPMENT SDN. BHD.,19440-7/06-2028/0507(N)-(S),-,L59,"RM 640,000.00",-,Belum Dijual,Tidak,2025-12-21,2025-12-21 03:02:15
60,19440-7 RESIDENSI BACHANG,19440 SERTA LEGA DEVELOPMENT SDN. BHD.,19440-7/06-2028/0507(N)-(S),-,L60,"RM 640,000.00","RM 640,000.00",Telah Dijual,Tidak,2025-12-21,2025-12-21 03:02:15
61,19440-7 RESIDENSI BACHANG,19440 SERTA LEGA DEVELOPMENT SDN. BHD.,19440-7/06-2028/0507(N)-(S),-,L61,"RM 927,000.00","RM 927,000.00",Telah Dijual,Tidak,2025-12-21,2025-12-21 03:02:15
62,19440-7 RESIDENSI BACHANG,19440 SERTA LEGA DEVELOPMENT SDN. BHD.,19440-7/06-2028/0507(N)-(S),-,L62,"RM 897,000.00","RM 897,000.00",Telah Dijual,Tidak,2025-12-21,2025-12-21 03:02:15
63,19440-7 RESIDENSI BACHANG,19440 SERTA LEGA DEVELOPMENT SDN. BHD.,19440-7/06-2028/0507(N)-(S),-,L63,"RM 640,000.00",-,Belum Dijual,Tidak,2025-12-21,2025-12-21 03:02:15
64,19440-7 RESIDENSI BACHANG,19440 SERTA LEGA DEVELOPMENT SDN. BHD.,19440-7/06-2028/0507(N)-(S),-,L64,"RM 640,000.00",-,Belum Dijual,Tidak,2025-12-21,2025-12-21 03:02:15
65,19440-7 RESIDENSI BACHANG,19440 SERTA LEGA DEVELOPMENT SDN. BHD.,19440-7/06-2028/0507(N)-(S),-,L65,"RM 640,000.00",-,Belum Dijual,Tidak,2025-12-21,2025-12-21 03:02:15
66,19440-7 RESIDENSI BACHANG,19440 SERTA LEGA DEVELOPMENT SDN. BHD.,19440-7/06-2028/0507(N)-(S),-,L66,"RM 640,000.00",-,Belum Dijual,Tidak,2025-12-21,2025-12-21 03:02:15
67,19440-7 RESIDENSI BACHANG,19440 SERTA LEGA DEVELOPMENT SDN. BHD.,19440-7/06-2028/0507(N)-(S),-,L67,"RM 640,000.00",-,Belum Dijual,Tidak,2025-12-21,2025-12-21 03:02:15
68,19440-7 RESIDENSI BACHANG,19440 SERTA LEGA DEVELOPMENT SDN. BHD.,19440-7/06-2028/0507(N)-(S),-,L68,"RM 640,000.00",-,Belum Dijual,Tidak,2025-12-21,2025-12-21 03:02:15
69,19440-7 RESIDENSI BACHANG,19440 SERTA LEGA DEVELOPMENT SDN. BHD.,19440-7/06-2028/0507(N)-(S),-,L69,"RM 640,000.00",-,Belum Dijual,Tidak,2025-12-21,2025-12-21 03:02:15
70,19440-7 RESIDENSI BACHANG,19440 SERTA LEGA DEVELOPMENT SDN. BHD.,19440-7/06-2028/0507(N)-(S),-,L70,"RM 661,000.00",-,Belum Dijual,Tidak,2025-12-21,2025-12-21 03:02:15
71,19440-7 RESIDENSI BACHANG,19440 SERTA LEGA DEVELOPMENT SDN. BHD.,19440-7/06-2028/0507(N)-(S),-,L71,"RM 661,000.00",-,Belum Dijual,Tidak,2025-12-21,2025-12-21 03:02:15
72,19440-7 RESIDENSI BACHANG,19440 SERTA LEGA DEVELOPMENT SDN. BHD.,19440-7/06-2028/0507(N)-(S),-,L72,"RM 640,000.00",-,Belum Dijual,Tidak,2025-12-21,2025-12-21 03:02:15
73,19440-7 RESIDENSI BACHANG,19440 SERTA LEGA DEVELOPMENT SDN. BHD.,19440-7/06-2028/0507(N)-(S),-,L73,"RM 640,000.00",-,Belum Dijual,Tidak,2025-12-21,2025-12-21 03:02:15
74,19440-7 RESIDENSI BACHANG,19440 SERTA LEGA DEVELOPMENT SDN. BHD.,19440-7/06-2028/0507(N)-(S),-,L74,"RM 640,000.00","RM 640,000.00",Telah Dijual,Tidak,2025-12-21,2025-12-21 03:02:15
75,19440-7 RESIDENSI BACHANG,19440 SERTA LEGA DEVELOPMENT SDN. BHD.,19440-7/06-2028/0507(N)-(S),-,L75,"RM 640,000.00",-,Belum Dijual,Tidak,2025-12-21,2025-12-21 03:02:15
76,19440-7 RESIDENSI BACHANG,19440 SERTA LEGA DEVELOPMENT SDN. BHD.,19440-7/06-2028/0507(N)-(S),-,L76,"RM 640,000.00",-,Belum Dijual,Tidak,2025-12-21,2025-12-21 03:02:15
77,19440-7 RESIDENSI BACHANG,19440 SERTA LEGA DEVELOPMENT SDN. BHD.,19440-7/06-2028/0507(N)-(S),-,L77,"RM 640,000.00",-,Belum Dijual,Tidak,2025-12-21,2025-12-21 03:02:15
78,19440-7 RESIDENSI BACHANG,19440 SERTA LEGA DEVELOPMENT SDN. BHD.,19440-7/06-2028/0507(N)-(S),-,L78,"RM 640,000.00","RM 640,000.00",Telah Dijual,Tidak,2025-12-21,2025-12-21 03:02:15
79,19440-7 RESIDENSI BACHANG,19440 SERTA LEGA DEVELOPMENT SDN. BHD.,19440-7/06-2028/0507(N)-(S),-,L79,"RM 895,000.00",-,Belum Dijual,Tidak,2025-12-21,2025-12-21 03:02:15
80,19440-7 RESIDENSI BACHANG,19440 SERTA LEGA DEVELOPMENT SDN. BHD.,19440-7/06-2028/0507(N)-(S),-,L80,"RM 859,000.00","RM 859,000.00",Telah Dijual,Tidak,2025-12-21,2025-12-21 03:02:15
81,19440-7 RESIDENSI BACHANG,19440 SERTA LEGA DEVELOPMENT SDN. BHD.,19440-7/06-2028/0507(N)-(S),-,L81,"RM 640,000.00",-,Belum Dijual,Tidak,2025-12-21,2025-12-21 03:02:15
82,19440-7 RESIDENSI BACHANG,19440 SERTA LEGA DEVELOPMENT SDN. BHD.,19440-7/06-2028/0507(N)-(S),-,L82,"RM 640,000.00",-,Belum Dijual,Tidak,2025-12-21,2025-12-21 03:02:15
83,19440-7 RESIDENSI BACHANG,19440 SERTA LEGA DEVELOPMENT SDN. BHD.,19440-7/06-2028/0507(N)-(S),-,L83,"RM 640,000.00","RM 640,000.00",Telah Dijual,Tidak,2025-12-21,2025-12-21 03:02:15
84,19440-7 RESIDENSI BACHANG,19440 SERTA LEGA DEVELOPMENT SDN. BHD.,19440-7/06-2028/0507(N)-(S),-,L84,"RM 640,000.00",-,Belum Dijual,Tidak,2025-12-21,2025-12-21 03:02:15
85,19440-7 RESIDENSI BACHANG,19440 SERTA LEGA DEVELOPMENT SDN. BHD.,19440-7/06-2028/0507(N)-(S),-,L85,"RM 640,000.00",-,Belum Dijual,Tidak,2025-12-21,2025-12-21 03:02:15
86,19440-7 RESIDENSI BACHANG,19440 SERTA LEGA DEVELOPMENT SDN. BHD.,19440-7/06-2028/0507(N)-(S),-,L86,"RM 640,000.00",-,Belum Dijual,Tidak,2025-12-21,2025-12-21 03:02:15
87,19440-7 RESIDENSI BACHANG,19440 SERTA LEGA DEVELOPMENT SDN. BHD.,19440-7/06-2028/0507(N)-(S),-,L87,"RM 640,000.00",-,Belum Dijual,Tidak,2025-12-21,2025-12-21 03:02:15
88,19440-7 RESIDENSI BACHANG,19440 SERTA LEGA DEVELOPMENT SDN. BHD.,19440-7/06-2028/0507(N)-(S),-,L88,"RM 640,000.00",-,Belum Dijual,Tidak,2025-12-21,2025-12-21 03:02:15
89,19440-7 RESIDENSI BACHANG,19440 SERTA LEGA DEVELOPMENT SDN. BHD.,19440-7/06-2028/0507(N)-(S),-,L89,"RM 773,000.00",-,Belum Dijual,Tidak,2025-12-21,2025-12-21 03:02:15
90,19440-7 RESIDENSI BACHANG,19440 SERTA LEGA DEVELOPMENT SDN. BHD.,19440-7/06-2028/0507(N)-(S),-,L90,"RM 806,000.00",-,Belum Dijual,Tidak,2025-12-21,2025-12-21 03:02:15
91,19440-7 RESIDENSI BACHANG,19440 SERTA LEGA DEVELOPMENT SDN. BHD.,19440-7/06-2028/0507(N)-(S),-,L91,"RM 640,000.00",-,Belum Dijual,Tidak,2025-12-21,2025-12-21 03:02:15
92,19440-7 RESIDENSI BACHANG,19440 SERTA LEGA DEVELOPMENT SDN. BHD.,19440-7/06-2028/0507(N)-(S),-,L92,"RM 640,000.00",-,Belum Dijual,Tidak,2025-12-21,2025-12-21 03:02:15
93,19440-7 RESIDENSI BACHANG,19440 SERTA LEGA DEVELOPMENT SDN. BHD.,19440-7/06-2028/0507(N)-(S),-,L93,"RM 640,000.00",-,Belum Dijual,Tidak,2025-12-21,2025-12-21 03:02:15
94,19440-7 RESIDENSI BACHANG,19440 SERTA LEGA DEVELOPMENT SDN. BHD.,19440-7/06-2028/0507(N)-(S),-,L94,"RM 640,000.00",-,Belum Dijual,Tidak,2025-12-21,2025-12-21 03:02:15
95,19440-7 RESIDENSI BACHANG,19440 SERTA LEGA DEVELOPMENT SDN. BHD.,19440-7/06-2028/0507(N)-(S),-,L95,"RM 640,000.00",-,Belum Dijual,Tidak,2025-12-21,2025-12-21 03:02:15
96,19440-7 RESIDENSI BACHANG,19440 SERTA LEGA DEVELOPMENT SDN. BHD.,19440-7/06-2028/0507(N)-(S),-,L96,"RM 640,000.00","RM 640,000.00",Telah Dijual,Tidak,2025-12-21,2025-12-21 03:02:15
97,19440-7 RESIDENSI BACHANG,19440 SERTA LEGA DEVELOPMENT SDN. BHD.,19440-7/06-2028/0507(N)-(S),-,L97,"RM 640,000.00",-,Belum Dijual,Tidak,2025-12-21,2025-12-21 03:02:15
98,19440-7 RESIDENSI BACHANG,19440 SERTA LEGA DEVELOPMENT SDN. BHD.,19440-7/06-2028/0507(N)-(S),-,L98,"RM 640,000.00",-,Belum Dijual,Tidak,2025-12-21,2025-12-21 03:02:15
99,19440-7 RESIDENSI BACHANG,19440 SERTA LEGA DEVELOPMENT SDN. BHD.,19440-7/06-2028/0507(N)-(S),-,L99,"RM 930,000.00",-,Belum Dijual,Tidak,2025-12-21,2025-12-21 03:02:15
100,19440-7 RESIDENSI BACHANG,19440 SERTA LEGA DEVELOPMENT SDN. BHD.,19440-7/06-2028/0507(N)-(S),-,L100,"RM 989,000.00","RM 989,000.00",Telah Dijual,Tidak,2025-12-21,2025-12-21 03:02:15
101,19440-7 RESIDENSI BACHANG,19440 SERTA LEGA DEVELOPMENT SDN. BHD.,19440-7/06-2028/0507(N)-(S),-,L101,"RM 690,000.00","RM 690,000.00",Telah Dijual,Tidak,2025-12-21,2025-12-21 03:02:15
102,19440-7 RESIDENSI BACHANG,19440 SERTA LEGA DEVELOPMENT SDN. BHD.,19440-7/06-2028/0507(N)-(S),-,L102,"RM 687,000.00",-,Belum Dijual,Tidak,2025-12-21,2025-12-21 03:02:15
103,19440-7 RESIDENSI BACHANG,19440 SERTA LEGA DEVELOPMENT SDN. BHD.,19440-7/06-2028/0507(N)-(S),-,L103,"RM 683,000.00","RM 683,000.00",Telah Dijual,Tidak,2025-12-21,2025-12-21 03:02:15
104,19440-7 RESIDENSI BACHANG,19440 SERTA LEGA DEVELOPMENT SDN. BHD.,19440-7/06-2028/0507(N)-(S),-,L104,"RM 680,000.00",-,Belum Dijual,Tidak,2025-12-21,2025-12-21 03:02:15
105,19440-7 RESIDENSI BACHANG,19440 SERTA LEGA DEVELOPMENT SDN. BHD.,19440-7/06-2028/0507(N)-(S),-,L105,"RM 676,000.00","RM 676,000.00",Telah Dijual,Tidak,2025-12-21,2025-12-21 03:02:15
106,19440-7 RESIDENSI BACHANG,19440 SERTA LEGA DEVELOPMENT SDN. BHD.,19440-7/06-2028/0507(N)-(S),-,L106,"RM 672,000.00","RM 672,000.00",Telah Dijual,Tidak,2025-12-21,2025-12-21 03:02:15
107,19440-7 RESIDENSI BACHANG,19440 SERTA LEGA DEVELOPMENT SDN. BHD.,19440-7/06-2028/0507(N)-(S),-,L107,"RM 669,000.00","RM 669,000.00",Telah Dijual,Tidak,2025-12-21,2025-12-21 03:02:15
108,19440-7 RESIDENSI BACHANG,19440 SERTA LEGA DEVELOPMENT SDN. BHD.,19440-7/06-2028/0507(N)-(S),-,L108,"RM 799,000.00",-,Belum Dijual,Tidak,2025-12-21,2025-12-21 03:02:15
109,19440-7 RESIDENSI BACHANG,19440 SERTA LEGA DEVELOPMENT SDN. BHD.,19440-7/06-2028/0507(N)-(S),-,L109,"RM 897,000.00",-,Belum Dijual,Tidak,2025-12-21,2025-12-21 03:02:15
110,19440-7 RESIDENSI BACHANG,19440 SERTA LEGA DEVELOPMENT SDN. BHD.,19440-7/06-2028/0507(N)-(S),-,L110,"RM 640,000.00",-,Belum Dijual,Tidak,2025-12-21,2025-12-21 03:02:15
111,19440-7 RESIDENSI BACHANG,19440 SERTA LEGA DEVELOPMENT SDN. BHD.,19440-7/06-2028/0507(N)-(S),-,L111,"RM 640,000.00",-,Belum Dijual,Tidak,2025-12-21,2025-12-21 03:02:15
112,19440-7 RESIDENSI BACHANG,19440 SERTA LEGA DEVELOPMENT SDN. BHD.,19440-7/06-2028/0507(N)-(S),-,L112,"RM 640,000.00",-,Belum Dijual,Tidak,2025-12-21,2025-12-21 03:02:15
113,19440-7 RESIDENSI BACHANG,19440 SERTA LEGA DEVELOPMENT SDN. BHD.,19440-7/06-2028/0507(N)-(S),-,L113,"RM 640,000.00",-,Belum Dijual,Tidak,2025-12-21,2025-12-21 03:02:15
114,19440-7 RESIDENSI BACHANG,19440 SERTA LEGA DEVELOPMENT SDN. BHD.,19440-7/06-2028/0507(N)-(S),-,L114,"RM 640,000.00",-,Belum Dijual,Tidak,2025-12-21,2025-12-21 03:02:15
115,19440-7 RESIDENSI BACHANG,19440 SERTA LEGA DEVELOPMENT SDN. BHD.,19440-7/06-2028/0507(N)-(S),-,L115,"RM 640,000.00",-,Belum Dijual,Tidak,2025-12-21,2025-12-21 03:02:15
116,19440-7 RESIDENSI BACHANG,19440 SERTA LEGA DEVELOPMENT SDN. BHD.,19440-7/06-2028/0507(N)-(S),-,L116,"RM 640,000.00",-,Belum Dijual,Tidak,2025-12-21,2025-12-21 03:02:15
117,19440-7 RESIDENSI BACHANG,19440 SERTA LEGA DEVELOPMENT SDN. BHD.,19440-7/06-2028/0507(N)-(S),-,L117,"RM 640,000.00",-,Belum Dijual,Tidak,2025-12-21,2025-12-21 03:02:15
118,19440-7 RESIDENSI BACHANG,19440 SERTA LEGA DEVELOPMENT SDN. BHD.,19440-7/06-2028/0507(N)-(S),-,L118,"RM 640,000.00",-,Belum Dijual,Tidak,2025-12-21,2025-12-21 03:02:15
119,19440-7 RESIDENSI BACHANG,19440 SERTA LEGA DEVELOPMENT SDN. BHD.,19440-7/06-2028/0507(N)-(S),-,L119,"RM 743,000.00",-,Belum Dijual,Tidak,2025-12-21,2025-12-21 03:02:15
120,19440-7 RESIDENSI BACHANG,19440 SERTA LEGA DEVELOPMENT SDN. BHD.,19440-7/06-2028/0507(N)-(S),-,L120,"RM 758,000.00",-,Belum Dijual,Tidak,2025-12-21,2025-12-21 03:02:15
121,19440-7 RESIDENSI BACHANG,19440 SERTA LEGA DEVELOPMENT SDN. BHD.,19440-7/06-2028/0507(N)-(S),-,L121,"RM 640,000.00",-,Belum Dijual,Tidak,2025-12-21,2025-12-21 03:02:15
122,19440-7 RESIDENSI BACHANG,19440 SERTA LEGA DEVELOPMENT SDN. BHD.,19440-7/06-2028/0507(N)-(S),-,L122,"RM 640,000.00",-,Belum Dijual,Tidak,2025-12-21,2025-12-21 03:02:15
123,19440-7 RESIDENSI BACHANG,19440 SERTA LEGA DEVELOPMENT SDN. BHD.,19440-7/06-2028/0507(N)-(S),-,L123,"RM 640,000.00",-,Belum Dijual,Tidak,2025-12-21,2025-12-21 03:02:15
124,19440-7 RESIDENSI BACHANG,19440 SERTA LEGA DEVELOPMENT SDN. BHD.,19440-7/06-2028/0507(N)-(S),-,L124,"RM 640,000.00",-,Belum Dijual,Tidak,2025-12-21,2025-12-21 03:02:15
125,19440-7 RESIDENSI BACHANG,19440 SERTA LEGA DEVELOPMENT SDN. BHD.,19440-7/06-2028/0507(N)-(S),-,L125,"RM 640,000.00",-,Belum Dijual,Tidak,2025-12-21,2025-12-21 03:02:15
126,19440-7 RESIDENSI BACHANG,19440 SERTA LEGA DEVELOPMENT SDN. BHD.,19440-7/06-2028/0507(N)-(S),-,L126,"RM 640,000.00",-,Belum Dijual,Tidak,2025-12-21,2025-12-21 03:02:15
127,19440-7 RESIDENSI BACHANG,19440 SERTA LEGA DEVELOPMENT SDN. BHD.,19440-7/06-2028/0507(N)-(S),-,L127,"RM 640,000.00",-,Belum Dijual,Tidak,2025-12-21,2025-12-21 03:02:15
128,19440-7 RESIDENSI BACHANG,19440 SERTA LEGA DEVELOPMENT SDN. BHD.,19440-7/06-2028/0507(N)-(S),-,L128,"RM 640,000.00",-,Belum Dijual,Tidak,2025-12-21,2025-12-21 03:02:15
129,19440-7 RESIDENSI BACHANG,19440 SERTA LEGA DEVELOPMENT SDN. BHD.,19440-7/06-2028/0507(N)-(S),-,L129,"RM 640,000.00",-,Belum Dijual,Tidak,2025-12-21,2025-12-21 03:02:15
130,19440-7 RESIDENSI BACHANG,19440 SERTA LEGA DEVELOPMENT SDN. BHD.,19440-7/06-2028/0507(N)-(S),-,L130,"RM 849,000.00",-,Belum Dijual,Tidak,2025-12-21,2025-12-21 03:02:15
131,19440-7 RESIDENSI BACHANG,19440 SERTA LEGA DEVELOPMENT SDN. BHD.,19440-7/06-2028/0507(N)-(S),-,L131,"RM 1,045,000.00",-,Belum Dijual,Tidak,2025-12-21,2025-12-21 03:02:15
132,19440-7 RESIDENSI BACHANG,19440 SERTA LEGA DEVELOPMENT SDN. BHD.,19440-7/06-2028/0507(N)-(S),-,L132,"RM 644,000.00","RM 644,000.00",Telah Dijual,Tidak,2025-12-21,2025-12-21 03:02:15
133,19440-7 RESIDENSI BACHANG,19440 SERTA LEGA DEVELOPMENT SDN. BHD.,19440-7/06-2028/0507(N)-(S),-,L133,"RM 644,000.00","RM 644,000.00",Telah Dijual,Tidak,2025-12-21,2025-12-21 03:02:15
134,19440-7 RESIDENSI BACHANG,19440 SERTA LEGA DEVELOPMENT SDN. BHD.,19440-7/06-2028/0507(N)-(S),-,L134,"RM 644,000.00",-,Belum Dijual,Tidak,2025-12-21,2025-12-21 03:02:15
135,19440-7 RESIDENSI BACHANG,19440 SERTA LEGA DEVELOPMENT SDN. BHD.,19440-7/06-2028/0507(N)-(S),-,L135,"RM 644,000.00","RM 644,000.00",Telah Dijual,Tidak,2025-12-21,2025-12-21 03:02:15
136,19440-7 RESIDENSI BACHANG,19440 SERTA LEGA DEVELOPMENT SDN. BHD.,19440-7/06-2028/0507(N)-(S),-,L136,"RM 644,000.00","RM 644,000.00",Telah Dijual,Tidak,2025-12-21,2025-12-21 03:02:15
137,19440-7 RESIDENSI BACHANG,19440 SERTA LEGA DEVELOPMENT SDN. BHD.,19440-7/06-2028/0507(N)-(S),-,L137,"RM 644,000.00","RM 644,000.00",Telah Dijual,Tidak,2025-12-21,2025-12-21 03:02:15
138,19440-7 RESIDENSI BACHANG,19440 SERTA LEGA DEVELOPMENT SDN. BHD.,19440-7/06-2028/0507(N)-(S),-,L138,"RM 644,000.00","RM 644,000.00",Telah Dijual,Tidak,2025-12-21,2025-12-21 03:02:15
139,19440-7 RESIDENSI BACHANG,19440 SERTA LEGA DEVELOPMENT SDN. BHD.,19440-7/06-2028/0507(N)-(S),-,L139,"RM 644,000.00","RM 644,000.00",Telah Dijual,Tidak,2025-12-21,2025-12-21 03:02:15
140,19440-7 RESIDENSI BACHANG,19440 SERTA LEGA DEVELOPMENT SDN. BHD.,19440-7/06-2028/0507(N)-(S),-,L140,"RM 737,000.00","RM 737,000.00",Telah Dijual,Tidak,2025-12-21,2025-12-21 03:02:15
141,19440-6 TAMAN TANJONG MINYAK JAYA,19440 SERTA LEGA DEVELOPMENT SDN. BHD.,19440-6/01-2026/0054(N)-(L),HSM5136,PT20505,"RM 684,000.00","RM 684,000.00",Telah Dijual,Tidak,2025-12-21,2025-12-21 03:02:15
142,19440-6 TAMAN TANJONG MINYAK JAYA,19440 SERTA LEGA DEVELOPMENT SDN. BHD.,19440-6/01-2026/0054(N)-(L),HSM5137,PT20506,"RM 538,000.00",-,Belum Dijual,Tidak,2025-12-21,2025-12-21 03:02:15
143,19440-6 TAMAN TANJONG MINYAK JAYA,19440 SERTA LEGA DEVELOPMENT SDN. BHD.,19440-6/01-2026/0054(N)-(L),HSM5138,PT20507,"RM 538,000.00","RM 508,000.00",Telah Dijual,Tidak,2025-12-21,2025-12-21 03:02:15
144,19440-6 TAMAN TANJONG MINYAK JAYA,19440 SERTA LEGA DEVELOPMENT SDN. BHD.,19440-6/01-2026/0054(N)-(L),HSM5139,PT20508,"RM 538,000.00","RM 508,000.00",Telah Dijual,Tidak,2025-12-21,2025-12-21 03:02:15
145,19440-6 TAMAN TANJONG MINYAK JAYA,19440 SERTA LEGA DEVELOPMENT SDN. BHD.,19440-6/01-2026/0054(N)-(L),HSM5140,PT20509,"RM 538,000.00","RM 508,000.00",Telah Dijual,Tidak,2025-12-21,2025-12-21 03:02:15
146,19440-6 TAMAN TANJONG MINYAK JAYA,19440 SERTA LEGA DEVELOPMENT SDN. BHD.,19440-6/01-2026/0054(N)-(L),HSM5141,PT20510,"RM 538,000.00","RM 508,000.00",Telah Dijual,Tidak,2025-12-21,2025-12-21 03:02:15
147,19440-6 TAMAN TANJONG MINYAK JAYA,19440 SERTA LEGA DEVELOPMENT SDN. BHD.,19440-6/01-2026/0054(N)-(L),HSM5142,PT20511,"RM 538,000.00","RM 508,000.00",Telah Dijual,Tidak,2025-12-21,2025-12-21 03:02:15
148,19440-6 TAMAN TANJONG MINYAK JAYA,19440 SERTA LEGA DEVELOPMENT SDN. BHD.,19440-6/01-2026/0054(N)-(L),HSM5143,PT20512,"RM 706,000.00","RM 498,000.00",Telah Dijual,Tidak,2025-12-21,2025-12-21 03:02:15
149,19440-6 TAMAN TANJONG MINYAK JAYA,19440 SERTA LEGA DEVELOPMENT SDN. BHD.,19440-6/01-2026/0054(N)-(L),HSM5144,PT20513,"RM 645,000.00","RM 645,000.00",Telah Dijual,Tidak,2025-12-21,2025-12-21 03:02:15
150,19440-6 TAMAN TANJONG MINYAK JAYA,19440 SERTA LEGA DEVELOPMENT SDN. BHD.,19440-6/01-2026/0054(N)-(L),HSM5145,PT20514,"RM 538,000.00","RM 488,000.00",Telah Dijual,Tidak,2025-12-21,2025-12-21 03:02:15
151,19440-6 TAMAN TANJONG MINYAK JAYA,19440 SERTA LEGA DEVELOPMENT SDN. BHD.,19440-6/01-2026/0054(N)-(L),HSM5146,PT20515,"RM 538,000.00","RM 538,000.00",Telah Dijual,Tidak,2025-12-21,2025-12-21 03:02:15
152,19440-6 TAMAN TANJONG MINYAK JAYA,19440 SERTA LEGA DEVELOPMENT SDN. BHD.,19440-6/01-2026/0054(N)-(L),HSM5147,PT20516,"RM 538,000.00","RM 498,000.00",Telah Dijual,Tidak,2025-12-21,2025-12-21 03:02:15
153,19440-6 TAMAN TANJONG MINYAK JAYA,19440 SERTA LEGA DEVELOPMENT SDN. BHD.,19440-6/01-2026/0054(N)-(L),HSM5148,PT20517,"RM 538,000.00","RM 538,000.00",Telah Dijual,Tidak,2025-12-21,2025-12-21 03:02:15
154,19440-6 TAMAN TANJONG MINYAK JAYA,19440 SERTA LEGA DEVELOPMENT SDN. BHD.,19440-6/01-2026/0054(N)-(L),HSM5149,PT20518,"RM 538,000.00","RM 508,000.00",Telah Dijual,Tidak,2025-12-21,2025-12-21 03:02:15
155,19440-6 TAMAN TANJONG MINYAK JAYA,19440 SERTA LEGA DEVELOPMENT SDN. BHD.,19440-6/01-2026/0054(N)-(L),HSM5150,PT20519,"RM 538,000.00","RM 538,000.00",Telah Dijual,Tidak,2025-12-21,2025-12-21 03:02:15
156,19440-6 TAMAN TANJONG MINYAK JAYA,19440 SERTA LEGA DEVELOPMENT SDN. BHD.,19440-6/01-2026/0054(N)-(L),HSM5151,PT20520,"RM 538,000.00","RM 538,000.00",Telah Dijual,Tidak,2025-12-21,2025-12-21 03:02:15
157,19440-6 TAMAN TANJONG MINYAK JAYA,19440 SERTA LEGA DEVELOPMENT SDN. BHD.,19440-6/01-2026/0054(N)-(L),HSM5152,PT20521,"RM 538,000.00","RM 498,000.00",Telah Dijual,Tidak,2025-12-21,2025-12-21 03:02:15
158,19440-6 TAMAN TANJONG MINYAK JAYA,19440 SERTA LEGA DEVELOPMENT SDN. BHD.,19440-6/01-2026/0054(N)-(L),HSM5153,PT20522,"RM 538,000.00","RM 498,000.00",Telah Dijual,Tidak,2025-12-21,2025-12-21 03:02:15
159,19440-6 TAMAN TANJONG MINYAK JAYA,19440 SERTA LEGA DEVELOPMENT SDN. BHD.,19440-6/01-2026/0054(N)-(L),HSM5154,PT20523,"RM 538,000.00","RM 498,000.00",Telah Dijual,Tidak,2025-12-21,2025-12-21 03:02:15
160,19440-6 TAMAN TANJONG MINYAK JAYA,19440 SERTA LEGA DEVELOPMENT SDN. BHD.,19440-6/01-2026/0054(N)-(L),HSM5155,PT20524,"RM 538,000.00","RM 538,000.00",Telah Dijual,Tidak,2025-12-21,2025-12-21 03:02:15
161,19440-6 TAMAN TANJONG MINYAK JAYA,19440 SERTA LEGA DEVELOPMENT SDN. BHD.,19440-6/01-2026/0054(N)-(L),HSM5156,PT20525,"RM 554,000.00",-,Belum Dijual,Tidak,2025-12-21,2025-12-21 03:02:15
162,19440-6 TAMAN TANJONG MINYAK JAYA,19440 SERTA LEGA DEVELOPMENT SDN. BHD.,19440-6/01-2026/0054(N)-(L),HSM5179,PT20548,"RM 739,000.00","RM 739,000.00",Telah Dijual,Tidak,2025-12-21,2025-12-21 03:02:15
163,19440-6 TAMAN TANJONG MINYAK JAYA,19440 SERTA LEGA DEVELOPMENT SDN. BHD.,19440-6/01-2026/0054(N)-(L),HSM5180,PT20549,"RM 538,000.00","RM 538,000.00",Telah Dijual,Tidak,2025-12-21,2025-12-21 03:02:15
164,19440-6 TAMAN TANJONG MINYAK JAYA,19440 SERTA LEGA DEVELOPMENT SDN. BHD.,19440-6/01-2026/0054(N)-(L),HSM5181,PT20550,"RM 538,000.00","RM 538,000.00",Telah Dijual,Tidak,2025-12-21,2025-12-21 03:02:15
165,19440-6 TAMAN TANJONG MINYAK JAYA,19440 SERTA LEGA DEVELOPMENT SDN. BHD.,19440-6/01-2026/0054(N)-(L),HSM5182,PT20551,"RM 538,000.00","RM 538,000.00",Telah Dijual,Tidak,2025-12-21,2025-12-21 03:02:15
166,19440-6 TAMAN TANJONG MINYAK JAYA,19440 SERTA LEGA DEVELOPMENT SDN. BHD.,19440-6/01-2026/0054(N)-(L),HSM5183,PT20552,"RM 538,000.00","RM 538,000.00",Telah Dijual,Tidak,2025-12-21,2025-12-21 03:02:15
167,19440-6 TAMAN TANJONG MINYAK JAYA,19440 SERTA LEGA DEVELOPMENT SDN. BHD.,19440-6/01-2026/0054(N)-(L),HSM5184,PT20553,"RM 538,000.00","RM 538,000.00",Telah Dijual,Tidak,2025-12-21,2025-12-21 03:02:15
168,19440-6 TAMAN TANJONG MINYAK JAYA,19440 SERTA LEGA DEVELOPMENT SDN. BHD.,19440-6/01-2026/0054(N)-(L),HSM5185,PT20554,"RM 538,000.00","RM 484,200.00",Telah Dijual,Ya,2025-12-21,2025-12-21 03:02:15
169,19440-6 TAMAN TANJONG MINYAK JAYA,19440 SERTA LEGA DEVELOPMENT SDN. BHD.,19440-6/01-2026/0054(N)-(L),HSM5186,PT20555,"RM 538,000.00",-,Belum Dijual,Ya,2025-12-21,2025-12-21 03:02:15
170,19440-6 TAMAN TANJONG MINYAK JAYA,19440 SERTA LEGA DEVELOPMENT SDN. BHD.,19440-6/01-2026/0054(N)-(L),HSM5187,PT20556,"RM 538,000.00","RM 484,200.00",Telah Dijual,Ya,2025-12-21,2025-12-21 03:02:15
171,19440-6 TAMAN TANJONG MINYAK JAYA,19440 SERTA LEGA DEVELOPMENT SDN. BHD.,19440-6/01-2026/0054(N)-(L),HSM5188,PT20557,"RM 538,000.00","RM 484,200.00",Telah Dijual,Ya,2025-12-21,2025-12-21 03:02:15
172,19440-6 TAMAN TANJONG MINYAK JAYA,19440 SERTA LEGA DEVELOPMENT SDN. BHD.,19440-6/01-2026/0054(N)-(L),HSM5189,PT20558,"RM 538,000.00",-,Belum Dijual,Ya,2025-12-21,2025-12-21 03:02:15
173,19440-6 TAMAN TANJONG MINYAK JAYA,19440 SERTA LEGA DEVELOPMENT SDN. BHD.,19440-6/01-2026/0054(N)-(L),HSM5190,PT20559,"RM 538,000.00","RM 484,200.00",Telah Dijual,Ya,2025-12-21,2025-12-21 03:02:15
174,19440-6 TAMAN TANJONG MINYAK JAYA,19440 SERTA LEGA DEVELOPMENT SDN. BHD.,19440-6/01-2026/0054(N)-(L),HSM5191,PT20560,"RM 555,000.00","RM 499,500.00",Telah Dijual,Ya,2025-12-21,2025-12-21 03:02:15
175,19440-6 TAMAN TANJONG MINYAK JAYA,19440 SERTA LEGA DEVELOPMENT SDN. BHD.,19440-6/01-2026/0054(N)-(L),HSM5192,PT20561,"RM 678,000.00","RM 610,200.00",Telah Dijual,Ya,2025-12-21,2025-12-21 03:02:15
176,19440-6 TAMAN TANJONG MINYAK JAYA,19440 SERTA LEGA DEVELOPMENT SDN. BHD.,19440-6/01-2026/0054(N)-(L),HSM5193,PT20562,"RM 538,000.00","RM 484,200.00",Telah Dijual,Ya,2025-12-21,2025-12-21 03:02:15
177,19440-6 TAMAN TANJONG MINYAK JAYA,19440 SERTA LEGA DEVELOPMENT SDN. BHD.,19440-6/01-2026/0054(N)-(L),HSM5194,PT20563,"RM 538,000.00","RM 484,200.00",Telah Dijual,Ya,2025-12-21,2025-12-21 03:02:15
178,19440-6 TAMAN TANJONG MINYAK JAYA,19440 SERTA LEGA DEVELOPMENT SDN. BHD.,19440-6/01-2026/0054(N)-(L),HSM5195,PT20564,"RM 538,000.00",-,Belum Dijual,Ya,2025-12-21,2025-12-21 03:02:15
179,19440-6 TAMAN TANJONG MINYAK JAYA,19440 SERTA LEGA DEVELOPMENT SDN. BHD.,19440-6/01-2026/0054(N)-(L),HSM5196,PT20565,"RM 538,000.00","RM 484,200.00",Telah Dijual,Ya,2025-12-21,2025-12-21 03:02:15
180,19440-6 TAMAN TANJONG MINYAK JAYA,19440 SERTA LEGA DEVELOPMENT SDN. BHD.,19440-6/01-2026/0054(N)-(L),HSM5197,PT20566,"RM 538,000.00",-,Belum Dijual,Ya,2025-12-21,2025-12-21 03:02:15
181,19440-6 TAMAN TANJONG MINYAK JAYA,19440 SERTA LEGA DEVELOPMENT SDN. BHD.,19440-6/01-2026/0054(N)-(L),HSM5198,PT20567,"RM 538,000.00",-,Belum Dijual,Ya,2025-12-21,2025-12-21 03:02:15
182,19440-6 TAMAN TANJONG MINYAK JAYA,19440 SERTA LEGA DEVELOPMENT SDN. BHD.,19440-6/01-2026/0054(N)-(L),HSM5199,PT20568,"RM 555,000.00","RM 499,500.00",Telah Dijual,Ya,2025-12-21,2025-12-21 03:02:15
183,19440-6 TAMAN TANJONG MINYAK JAYA,19440 SERTA LEGA DEVELOPMENT SDN. BHD.,19440-6/01-2026/0054(N)-(L),HSM5200,PT20569,"RM 626,000.00",-,Belum Dijual,Ya,2025-12-21,2025-12-21 03:02:15
184,19440-6 TAMAN TANJONG MINYAK JAYA,19440 SERTA LEGA DEVELOPMENT SDN. BHD.,19440-6/01-2026/0054(N)-(L),HSM5201,PT20570,"RM 538,000.00","RM 484,200.00",Telah Dijual,Ya,2025-12-21,2025-12-21 03:02:15
185,19440-6 TAMAN TANJONG MINYAK JAYA,19440 SERTA LEGA DEVELOPMENT SDN. BHD.,19440-6/01-2026/0054(N)-(L),HSM5202,PT20571,"RM 538,000.00","RM 484,200.00",Telah Dijual,Ya,2025-12-21,2025-12-21 03:02:15
186,19440-6 TAMAN TANJONG MINYAK JAYA,19440 SERTA LEGA DEVELOPMENT SDN. BHD.,19440-6/01-2026/0054(N)-(L),HSM5203,PT20572,"RM 538,000.00","RM 484,200.00",Telah Dijual,Ya,2025-12-21,2025-12-21 03:02:15
187,19440-6 TAMAN TANJONG MINYAK JAYA,19440 SERTA LEGA DEVELOPMENT SDN. BHD.,19440-6/01-2026/0054(N)-(L),HSM5204,PT20573,"RM 538,000.00","RM 484,200.00",Telah Dijual,Ya,2025-12-21,2025-12-21 03:02:15
188,19440-6 TAMAN TANJONG MINYAK JAYA,19440 SERTA LEGA DEVELOPMENT SDN. BHD.,19440-6/01-2026/0054(N)-(L),HSM5205,PT20574,"RM 697,000.00","RM 627,300.00",Telah Dijual,Ya,2025-12-21,2025-12-21 03:02:15
189,19440-6 TAMAN TANJONG MINYAK JAYA,19440 SERTA LEGA DEVELOPMENT SDN. BHD.,19440-6/01-2026/0054(N)-(L),HSM5206,PT20575,"RM 698,000.00",-,Belum Dijual,Ya,2025-12-21,2025-12-21 03:02:15
190,19440-6 TAMAN TANJONG MINYAK JAYA,19440 SERTA LEGA DEVELOPMENT SDN. BHD.,19440-6/01-2026/0054(N)-(L),HSM5207,PT20576,"RM 538,000.00",-,Belum Dijual,Ya,2025-12-21,2025-12-21 03:02:15
191,19440-6 TAMAN TANJONG MINYAK JAYA,19440 SERTA LEGA DEVELOPMENT SDN. BHD.,19440-6/01-2026/0054(N)-(L),HSM5208,PT20577,"RM 538,000.00","RM 484,200.00",Telah Dijual,Ya,2025-12-21,2025-12-21 03:02:15
192,19440-6 TAMAN TANJONG MINYAK JAYA,19440 SERTA LEGA DEVELOPMENT SDN. BHD.,19440-6/01-2026/0054(N)-(L),HSM5209,PT20578,"RM 538,000.00",-,Belum Dijual,Ya,2025-12-21,2025-12-21 03:02:15
193,19440-6 TAMAN TANJONG MINYAK JAYA,19440 SERTA LEGA DEVELOPMENT SDN. BHD.,19440-6/01-2026/0054(N)-(L),HSM5210,PT20579,"RM 538,000.00","RM 484,200.00",Telah Dijual,Ya,2025-12-21,2025-12-21 03:02:15
194,19440-6 TAMAN TANJONG MINYAK JAYA,19440 SERTA LEGA DEVELOPMENT SDN. BHD.,19440-6/01-2026/0054(N)-(L),HSM5211,PT20580,"RM 538,000.00","RM 414,200.00",Telah Dijual,Ya,2025-12-21,2025-12-21 03:02:15
195,19440-6 TAMAN TANJONG MINYAK JAYA,19440 SERTA LEGA DEVELOPMENT SDN. BHD.,19440-6/01-2026/0054(N)-(L),HSM5212,PT20581,"RM 611,000.00",-,Belum Dijual,Ya,2025-12-21,2025-12-21 03:02:15
196,19440-6 TAMAN TANJONG MINYAK JAYA,19440 SERTA LEGA DEVELOPMENT SDN. BHD.,19440-6/01-2026/0054(N)-(L),HSM5213,PT20582,"RM 609,000.00",-,Belum Dijual,Ya,2025-12-21,2025-12-21 03:02:15
197,19440-6 TAMAN TANJONG MINYAK JAYA,19440 SERTA LEGA DEVELOPMENT SDN. BHD.,19440-6/01-2026/0054(N)-(L),HSM5214,PT20583,"RM 538,000.00","RM 484,200.00",Telah Dijual,Ya,2025-12-21,2025-12-21 03:02:15
198,19440-6 TAMAN TANJONG MINYAK JAYA,19440 SERTA LEGA DEVELOPMENT SDN. BHD.,19440-6/01-2026/0054(N)-(L),HSM5215,PT20584,"RM 538,000.00",-,Belum Dijual,Ya,2025-12-21,2025-12-21 03:02:15
199,19440-6 TAMAN TANJONG MINYAK JAYA,19440 SERTA LEGA DEVELOPMENT SDN. BHD.,19440-6/01-2026/0054(N)-(L),HSM5216,PT20585,"RM 538,000.00","RM 484,200.00",Telah Dijual,Ya,2025-12-21,2025-12-21 03:02:15
200,19440-6 TAMAN TANJONG MINYAK JAYA,19440 SERTA LEGA DEVELOPMENT SDN. BHD.,19440-6/01-2026/0054(N)-(L),HSM5217,PT20586,"RM 538,000.00",-,Belum Dijual,Ya,2025-12-21,2025-12-21 03:02:15
201,19440-6 TAMAN TANJONG MINYAK JAYA,19440 SERTA LEGA DEVELOPMENT SDN. BHD.,19440-6/01-2026/0054(N)-(L),HSM5218,PT20587,"RM 538,000.00","RM 484,200.00",Telah Dijual,Ya,2025-12-21,2025-12-21 03:02:15
202,19440-6 TAMAN TANJONG MINYAK JAYA,19440 SERTA LEGA DEVELOPMENT SDN. BHD.,19440-6/01-2026/0054(N)-(L),HSM5219,PT20588,"RM 736,000.00","RM 662,400.00",Telah Dijual,Ya,2025-12-21,2025-12-21 03:02:15
203,19440-6 TAMAN TANJONG MINYAK JAYA,19440 SERTA LEGA DEVELOPMENT SDN. BHD.,19440-6/01-2026/0054(N)-(L),HSM5157,PT20526,"RM 708,000.00","RM 708,000.00",Telah Dijual,Tidak,2025-12-21,2025-12-21 03:02:15
204,19440-6 TAMAN TANJONG MINYAK JAYA,19440 SERTA LEGA DEVELOPMENT SDN. BHD.,19440-6/01-2026/0054(N)-(L),HSM5158,PT20527,"RM 494,000.00","RM 478,000.00",Telah Dijual,Tidak,2025-12-21,2025-12-21 03:02:15
205,19440-6 TAMAN TANJONG MINYAK JAYA,19440 SERTA LEGA DEVELOPMENT SDN. BHD.,19440-6/01-2026/0054(N)-(L),HSM5159,PT20528,"RM 494,000.00","RM 494,000.00",Telah Dijual,Tidak,2025-12-21,2025-12-21 03:02:15
206,19440-6 TAMAN TANJONG MINYAK JAYA,19440 SERTA LEGA DEVELOPMENT SDN. BHD.,19440-6/01-2026/0054(N)-(L),HSM5160,PT20529,"RM 494,000.00","RM 494,000.00",Telah Dijual,Tidak,2025-12-21,2025-12-21 03:02:15
207,19440-6 TAMAN TANJONG MINYAK JAYA,19440 SERTA LEGA DEVELOPMENT SDN. BHD.,19440-6/01-2026/0054(N)-(L),HSM5161,PT20530,"RM 494,000.00",-,Belum Dijual,Ya,2025-12-21,2025-12-21 03:02:15
208,19440-6 TAMAN TANJONG MINYAK JAYA,19440 SERTA LEGA DEVELOPMENT SDN. BHD.,19440-6/01-2026/0054(N)-(L),HSM5162,PT20531,"RM 494,000.00",-,Belum Dijual,Ya,2025-12-21,2025-12-21 03:02:15
209,19440-6 TAMAN TANJONG MINYAK JAYA,19440 SERTA LEGA DEVELOPMENT SDN. BHD.,19440-6/01-2026/0054(N)-(L),HSM5163,PT20532,"RM 494,000.00",-,Belum Dijual,Ya,2025-12-21,2025-12-21 03:02:15
210,19440-6 TAMAN TANJONG MINYAK JAYA,19440 SERTA LEGA DEVELOPMENT SDN. BHD.,19440-6/01-2026/0054(N)-(L),HSM5164,PT20533,"RM 494,000.00",-,Belum Dijual,Ya,2025-12-21,2025-12-21 03:02:15
211,19440-6 TAMAN TANJONG MINYAK JAYA,19440 SERTA LEGA DEVELOPMENT SDN. BHD.,19440-6/01-2026/0054(N)-(L),HSM5165,PT20534,"RM 494,000.00",-,Belum Dijual,Ya,2025-12-21,2025-12-21 03:02:15
212,19440-6 TAMAN TANJONG MINYAK JAYA,19440 SERTA LEGA DEVELOPMENT SDN. BHD.,19440-6/01-2026/0054(N)-(L),HSM5166,PT20535,"RM 510,000.00",-,Belum Dijual,Ya,2025-12-21,2025-12-21 03:02:15
213,19440-6 TAMAN TANJONG MINYAK JAYA,19440 SERTA LEGA DEVELOPMENT SDN. BHD.,19440-6/01-2026/0054(N)-(L),HSM5167,PT20536,"RM 532,000.00","RM 478,800.00",Telah Dijual,Ya,2025-12-21,2025-12-21 03:02:15
214,19440-6 TAMAN TANJONG MINYAK JAYA,19440 SERTA LEGA DEVELOPMENT SDN. BHD.,19440-6/01-2026/0054(N)-(L),HSM5168,PT20537,"RM 494,000.00","RM 444,600.00",Telah Dijual,Ya,2025-12-21,2025-12-21 03:02:15
215,19440-6 TAMAN TANJONG MINYAK JAYA,19440 SERTA LEGA DEVELOPMENT SDN. BHD.,19440-6/01-2026/0054(N)-(L),HSM5169,PT20538,"RM 494,000.00","RM 444,600.00",Telah Dijual,Ya,2025-12-21,2025-12-21 03:02:15
216,19440-6 TAMAN TANJONG MINYAK JAYA,19440 SERTA LEGA DEVELOPMENT SDN. BHD.,19440-6/01-2026/0054(N)-(L),HSM5170,PT20539,"RM 494,000.00",-,Belum Dijual,Ya,2025-12-21,2025-12-21 03:02:15
217,19440-6 TAMAN TANJONG MINYAK JAYA,19440 SERTA LEGA DEVELOPMENT SDN. BHD.,19440-6/01-2026/0054(N)-(L),HSM5171,PT20540,"RM 494,000.00",-,Belum Dijual,Ya,2025-12-21,2025-12-21 03:02:15
218,19440-6 TAMAN TANJONG MINYAK JAYA,19440 SERTA LEGA DEVELOPMENT SDN. BHD.,19440-6/01-2026/0054(N)-(L),HSM5172,PT20541,"RM 494,000.00",-,Belum Dijual,Ya,2025-12-21,2025-12-21 03:02:15
219,19440-6 TAMAN TANJONG MINYAK JAYA,19440 SERTA LEGA DEVELOPMENT SDN. BHD.,19440-6/01-2026/0054(N)-(L),HSM5173,PT20542,"RM 494,000.00","RM 494,000.00",Telah Dijual,Tidak,2025-12-21,2025-12-21 03:02:15
220,19440-6 TAMAN TANJONG MINYAK JAYA,19440 SERTA LEGA DEVELOPMENT SDN. BHD.,19440-6/01-2026/0054(N)-(L),HSM5174,PT20543,"RM 494,000.00","RM 478,000.00",Telah Dijual,Tidak,2025-12-21,2025-12-21 03:02:15
221,19440-6 TAMAN TANJONG MINYAK JAYA,19440 SERTA LEGA DEVELOPMENT SDN. BHD.,19440-6/01-2026/0054(N)-(L),HSM5175,PT20544,"RM 494,000.00","RM 478,000.00",Telah Dijual,Tidak,2025-12-21,2025-12-21 03:02:15
222,19440-6 TAMAN TANJONG MINYAK JAYA,19440 SERTA LEGA DEVELOPMENT SDN. BHD.,19440-6/01-2026/0054(N)-(L),HSM5176,PT20545,"RM 494,000.00","RM 478,000.00",Telah Dijual,Tidak,2025-12-21,2025-12-21 03:02:15
223,19440-6 TAMAN TANJONG MINYAK JAYA,19440 SERTA LEGA DEVELOPMENT SDN. BHD.,19440-6/01-2026/0054(N)-(L),HSM5177,PT20546,"RM 494,000.00","RM 478,000.00",Telah Dijual,Tidak,2025-12-21,2025-12-21 03:02:15
224,19440-6 TAMAN TANJONG MINYAK JAYA,19440 SERTA LEGA DEVELOPMENT SDN. BHD.,19440-6/01-2026/0054(N)-(L),HSM5178,PT20547,"RM 642,000.00","RM 642,000.00",Telah Dijual,Tidak,2025-12-21,2025-12-21 03:02:15
225,19440-6 TAMAN TANJONG MINYAK JAYA,19440 SERTA LEGA DEVELOPMENT SDN. BHD.,19440-6/01-2026/0054(N)-(L),HSM5220,PT20589,"RM 798,600.00",-,Belum Dijual,Ya,2025-12-21,2025-12-21 03:02:15
226,19440-6 TAMAN TANJONG MINYAK JAYA,19440 SERTA LEGA DEVELOPMENT SDN. BHD.,19440-6/01-2026/0054(N)-(L),HSM5221,PT20590,"RM 567,500.00","RM 510,750.00",Telah Dijual,Ya,2025-12-21,2025-12-21 03:02:15
227,19440-6 TAMAN TANJONG MINYAK JAYA,19440 SERTA LEGA DEVELOPMENT SDN. BHD.,19440-6/01-2026/0054(N)-(L),HSM5222,PT20591,"RM 565,100.00","RM 508,590.00",Telah Dijual,Ya,2025-12-21,2025-12-21 03:02:15
228,19440-6 TAMAN TANJONG MINYAK JAYA,19440 SERTA LEGA DEVELOPMENT SDN. BHD.,19440-6/01-2026/0054(N)-(L),HSM5223,PT20592,"RM 562,700.00","RM 506,430.00",Telah Dijual,Ya,2025-12-21,2025-12-21 03:02:15
229,19440-6 TAMAN TANJONG MINYAK JAYA,19440 SERTA LEGA DEVELOPMENT SDN. BHD.,19440-6/01-2026/0054(N)-(L),HSM5224,PT20593,"RM 554,600.00","RM 499,140.00",Telah Dijual,Ya,2025-12-21,2025-12-21 03:02:15
230,19440-6 TAMAN TANJONG MINYAK JAYA,19440 SERTA LEGA DEVELOPMENT SDN. BHD.,19440-6/01-2026/0054(N)-(L),HSM5225,PT20594,"RM 541,700.00","RM 487,530.00",Telah Dijual,Ya,2025-12-21,2025-12-21 03:02:15
231,19440-6 TAMAN TANJONG MINYAK JAYA,19440 SERTA LEGA DEVELOPMENT SDN. BHD.,19440-6/01-2026/0054(N)-(L),HSM5226,PT20595,"RM 636,000.00","RM 572,400.00",Telah Dijual,Ya,2025-12-21,2025-12-21 03:02:15
232,19440-5 TAMAN MUHIBBAH,19440 SERTA LEGA DEVELOPMENT SDN. BHD.,19440-5/09-2024/0199(N)-(L),GMM 61,LOT 509/PT1828,"RM 464,900.00","RM 464,900.00",Telah Dijual,Tidak,2025-12-21,2025-12-21 03:02:15
233,19440-5 TAMAN MUHIBBAH,19440 SERTA LEGA DEVELOPMENT SDN. BHD.,19440-5/09-2024/0199(N)-(L),GMM 61,LOT 509/PT1829,"RM 464,900.00","RM 464,900.00",Telah Dijual,Tidak,2025-12-21,2025-12-21 03:02:15
234,19440-5 TAMAN MUHIBBAH,19440 SERTA LEGA DEVELOPMENT SDN. BHD.,19440-5/09-2024/0199(N)-(L),GMM 61,LOT 509/PT1830,"RM 464,900.00","RM 464,900.00",Telah Dijual,Tidak,2025-12-21,2025-12-21 03:02:15
235,19440-5 TAMAN MUHIBBAH,19440 SERTA LEGA DEVELOPMENT SDN. BHD.,19440-5/09-2024/0199(N)-(L),GMM 61,LOT 509/PT1831,"RM 464,400.00","RM 464,400.00",Telah Dijual,Tidak,2025-12-21,2025-12-21 03:02:15
236,19440-5 TAMAN MUHIBBAH,19440 SERTA LEGA DEVELOPMENT SDN. BHD.,19440-5/09-2024/0199(N)-(L),GMM 61,LOT 509/PT1832,"RM 464,400.00","RM 464,400.00",Telah Dijual,Tidak,2025-12-21,2025-12-21 03:02:15
237,19440-5 TAMAN MUHIBBAH,19440 SERTA LEGA DEVELOPMENT SDN. BHD.,19440-5/09-2024/0199(N)-(L),GMM 61,LOT 509/PT1833,"RM 464,400.00","RM 464,400.00",Telah Dijual,Tidak,2025-12-21,2025-12-21 03:02:15
238,19440-5 TAMAN MUHIBBAH,19440 SERTA LEGA DEVELOPMENT SDN. BHD.,19440-5/09-2024/0199(N)-(L),GMM 61,LOT 509/PT1834,"RM 464,900.00","RM 464,900.00",Telah Dijual,Tidak,2025-12-21,2025-12-21 03:02:15
239,19440-5 TAMAN MUHIBBAH,19440 SERTA LEGA DEVELOPMENT SDN. BHD.,19440-5/09-2024/0199(N)-(L),GMM 61,LOT 509/PT1835,"RM 468,100.00","RM 468,100.00",Telah Dijual,Tidak,2025-12-21,2025-12-21 03:02:15
240,19440-5 TAMAN MUHIBBAH,19440 SERTA LEGA DEVELOPMENT SDN. BHD.,19440-5/09-2024/0199(N)-(L),GMM 61,LOT 509/PT1836,"RM 471,200.00","RM 471,200.00",Telah Dijual,Tidak,2025-12-21,2025-12-21 03:02:15
241,19440-5 TAMAN MUHIBBAH,19440 SERTA LEGA DEVELOPMENT SDN. BHD.,19440-5/09-2024/0199(N)-(L),GMM 61,LOT 509/PT1837,"RM 474,300.00","RM 474,300.00",Telah Dijual,Tidak,2025-12-21,2025-12-21 03:02:15
242,19440-5 TAMAN MUHIBBAH,19440 SERTA LEGA DEVELOPMENT SDN. BHD.,19440-5/09-2024/0199(N)-(L),GMM 61,LOT 509/PT1838,"RM 470,600.00","RM 470,600.00",Telah Dijual,Tidak,2025-12-21,2025-12-21 03:02:15
243,19440-5 TAMAN MUHIBBAH,19440 SERTA LEGA DEVELOPMENT SDN. BHD.,19440-5/09-2024/0199(N)-(L),GMM 61,LOT 509/PT1839,"RM 466,200.00","RM 466,200.00",Telah Dijual,Tidak,2025-12-21,2025-12-21 03:02:15
244,19440-5 TAMAN MUHIBBAH,19440 SERTA LEGA DEVELOPMENT SDN. BHD.,19440-5/09-2024/0199(N)-(L),GMM 61,LOT 509/PT1840,"RM 468,700.00","RM 468,700.00",Telah Dijual,Tidak,2025-12-21,2025-12-21 03:02:15
245,19440-5 TAMAN MUHIBBAH,19440 SERTA LEGA DEVELOPMENT SDN. BHD.,19440-5/09-2024/0199(N)-(L),GMM 61,LOT 509/PT1841,"RM 468,100.00","RM 468,100.00",Telah Dijual,Tidak,2025-12-21,2025-12-21 03:02:15
246,19440-5 TAMAN MUHIBBAH,19440 SERTA LEGA DEVELOPMENT SDN. BHD.,19440-5/09-2024/0199(N)-(L),GMM 61,LOT 509/PT1842,"RM 469,300.00","RM 469,300.00",Telah Dijual,Tidak,2025-12-21,2025-12-21 03:02:15
247,19440-5 TAMAN MUHIBBAH,19440 SERTA LEGA DEVELOPMENT SDN. BHD.,19440-5/09-2024/0199(N)-(L),GMM 61,LOT 509/PT1843,"RM 467,500.00","RM 467,500.00",Telah Dijual,Tidak,2025-12-21,2025-12-21 03:02:15
248,19440-5 TAMAN MUHIBBAH,19440 SERTA LEGA DEVELOPMENT SDN. BHD.,19440-5/09-2024/0199(N)-(L),GMM 61,LOT 509/PT1844,"RM 466,200.00","RM 466,200.00",Telah Dijual,Tidak,2025-12-21,2025-12-21 03:02:15
249,19440-5 TAMAN MUHIBBAH,19440 SERTA LEGA DEVELOPMENT SDN. BHD.,19440-5/09-2024/0199(N)-(L),GMM 61,LOT 509/PT1845,"RM 464,900.00","RM 464,900.00",Telah Dijual,Tidak,2025-12-21,2025-12-21 03:02:15
250,19440-5 TAMAN MUHIBBAH,19440 SERTA LEGA DEVELOPMENT SDN. BHD.,19440-5/09-2024/0199(N)-(L),GMM 61,LOT 509/PT1846,"RM 463,100.00","RM 463,100.00",Telah Dijual,Tidak,2025-12-21,2025-12-21 03:02:15
251,19440-5 TAMAN MUHIBBAH,19440 SERTA LEGA DEVELOPMENT SDN. BHD.,19440-5/09-2024/0199(N)-(L),GMM 61,LOT 509/PT1847,"RM 461,800.00","RM 461,800.00",Telah Dijual,Tidak,2025-12-21,2025-12-21 03:02:15
252,19440-5 TAMAN MUHIBBAH,19440 SERTA LEGA DEVELOPMENT SDN. BHD.,19440-5/09-2024/0199(N)-(L),GMM 61,LOT 509/PT1848,"RM 461,800.00","RM 461,800.00",Telah Dijual,Tidak,2025-12-21,2025-12-21 03:02:15
253,19440-5 TAMAN MUHIBBAH,19440 SERTA LEGA DEVELOPMENT SDN. BHD.,19440-5/09-2024/0199(N)-(L),GMM 61,LOT 509/PT1849,"RM 463,100.00","RM 463,100.00",Telah Dijual,Tidak,2025-12-21,2025-12-21 03:02:15
254,19440-5 TAMAN MUHIBBAH,19440 SERTA LEGA DEVELOPMENT SDN. BHD.,19440-5/09-2024/0199(N)-(L),GMM 61,LOT 509/PT1850,"RM 464,900.00","RM 464,900.00",Telah Dijual,Tidak,2025-12-21,2025-12-21 03:02:15
255,19440-5 TAMAN MUHIBBAH,19440 SERTA LEGA DEVELOPMENT SDN. BHD.,19440-5/09-2024/0199(N)-(L),GMM 61,LOT 509/PT1851,"RM 465,600.00","RM 465,600.00",Telah Dijual,Tidak,2025-12-21,2025-12-21 03:02:15
256,19440-5 TAMAN MUHIBBAH,19440 SERTA LEGA DEVELOPMENT SDN. BHD.,19440-5/09-2024/0199(N)-(L),GMM 61,LOT 509/PT1852,"RM 464,400.00","RM 464,400.00",Telah Dijual,Tidak,2025-12-21,2025-12-21 03:02:15
257,19440-5 TAMAN MUHIBBAH,19440 SERTA LEGA DEVELOPMENT SDN. BHD.,19440-5/09-2024/0199(N)-(L),GMM 61,LOT 509/PT1853,"RM 475,500.00","RM 475,500.00",Telah Dijual,Tidak,2025-12-21,2025-12-21 03:02:15
258,19440-5 TAMAN MUHIBBAH,19440 SERTA LEGA DEVELOPMENT SDN. BHD.,19440-5/09-2024/0199(N)-(L),GMM 61,LOT 509/PT1854,"RM 484,800.00","RM 484,800.00",Telah Dijual,Tidak,2025-12-21,2025-12-21 03:02:15
259,19440-5 TAMAN MUHIBBAH,19440 SERTA LEGA DEVELOPMENT SDN. BHD.,19440-5/09-2024/0199(N)-(L),GMM 61,LOT 509/PT1855,"RM 497,100.00","RM 432,300.00",Telah Dijual,Tidak,2025-12-21,2025-12-21 03:02:15
260,19440-5 TAMAN MUHIBBAH,19440 SERTA LEGA DEVELOPMENT SDN. BHD.,19440-5/09-2024/0199(N)-(L),GMM 61,LOT 509/PT1827,"RM 574,000.00","RM 574,000.00",Telah Dijual,Tidak,2025-12-21,2025-12-21 03:02:15
261,19440-5 TAMAN MUHIBBAH,19440 SERTA LEGA DEVELOPMENT SDN. BHD.,19440-5/09-2024/0199(N)-(L),GMM 61,LOT 509/PT1856,"RM 685,000.00",-,Belum Dijual,Tidak,2025-12-21,2025-12-21 03:02:15
262,19440-4 TAMAN BANDAR BARU SIMPANG EMPAT,19440 SERTA LEGA DEVELOPMENT SDN. BHD.,19440-4/02-2023/0141(P),PT3478,PT3478,"RM 251,000.00","RM 251,000.00",Telah Dijual,Ya,2025-12-21,2025-12-21 03:02:15
263,19440-4 TAMAN BANDAR BARU SIMPANG EMPAT,19440 SERTA LEGA DEVELOPMENT SDN. BHD.,19440-4/02-2023/0141(P),PT3481,PT3481,"RM 184,500.00","RM 184,500.00",Telah Dijual,Ya,2025-12-21,2025-12-21 03:02:15
264,19440-4 TAMAN BANDAR BARU SIMPANG EMPAT,19440 SERTA LEGA DEVELOPMENT SDN. BHD.,19440-4/02-2023/0141(P),PT3483,PT3483,"RM 184,500.00","RM 184,500.00",Telah Dijual,Ya,2025-12-21,2025-12-21 03:02:15
265,19440-4 TAMAN BANDAR BARU SIMPANG EMPAT,19440 SERTA LEGA DEVELOPMENT SDN. BHD.,19440-4/02-2023/0141(P),PT3487,PT3487,"RM 184,500.00","RM 184,500.00",Telah Dijual,Ya,2025-12-21,2025-12-21 03:02:15
266,19440-4 TAMAN BANDAR BARU SIMPANG EMPAT,19440 SERTA LEGA DEVELOPMENT SDN. BHD.,19440-4/02-2023/0141(P),PT3492,PT3492,"RM 180,000.00","RM 180,000.00",Telah Dijual,Tidak,2025-12-21,2025-12-21 03:02:15
267,19440-4 TAMAN BANDAR BARU SIMPANG EMPAT,19440 SERTA LEGA DEVELOPMENT SDN. BHD.,19440-4/02-2023/0141(P),PT3493,PT3493,"RM 180,000.00","RM 180,000.00",Telah Dijual,Tidak,2025-12-21,2025-12-21 03:02:15
268,19440-4 TAMAN BANDAR BARU SIMPANG EMPAT,19440 SERTA LEGA DEVELOPMENT SDN. BHD.,19440-4/02-2023/0141(P),PT3495,PT3495,"RM 180,000.00","RM 180,000.00",Telah Dijual,Tidak,2025-12-21,2025-12-21 03:02:15
269,19440-4 TAMAN BANDAR BARU SIMPANG EMPAT,19440 SERTA LEGA DEVELOPMENT SDN. BHD.,19440-4/02-2023/0141(P),PT3498,PT3498,"RM 180,000.00","RM 180,000.00",Telah Dijual,Tidak,2025-12-21,2025-12-21 03:02:15
270,19440-4 TAMAN BANDAR BARU SIMPANG EMPAT,19440 SERTA LEGA DEVELOPMENT SDN. BHD.,19440-4/02-2023/0141(P),PT3500,PT3500,"RM 180,000.00","RM 180,000.00",Telah Dijual,Tidak,2025-12-21,2025-12-21 03:02:15
271,19440-4 TAMAN BANDAR BARU SIMPANG EMPAT,19440 SERTA LEGA DEVELOPMENT SDN. BHD.,19440-4/02-2023/0141(P),PT3501,PT3501,"RM 244,000.00","RM 244,000.00",Telah Dijual,Tidak,2025-12-21,2025-12-21 03:02:15
272,19440-4 TAMAN BANDAR BARU SIMPANG EMPAT,19440 SERTA LEGA DEVELOPMENT SDN. BHD.,19440-4/02-2023/0141(P),PT3479,PT3479,"RM 184,500.00","RM 184,500.00",Telah Dijual,Ya,2025-12-21,2025-12-21 03:02:15
273,19440-4 TAMAN BANDAR BARU SIMPANG EMPAT,19440 SERTA LEGA DEVELOPMENT SDN. BHD.,19440-4/02-2023/0141(P),PT3480,PT3480,"RM 184,500.00","RM 184,500.00",Telah Dijual,Ya,2025-12-21,2025-12-21 03:02:15
274,19440-4 TAMAN BANDAR BARU SIMPANG EMPAT,19440 SERTA LEGA DEVELOPMENT SDN. BHD.,19440-4/02-2023/0141(P),PT3482,PT3482,"RM 184,500.00","RM 184,500.00",Telah Dijual,Ya,2025-12-21,2025-12-21 03:02:15
275,19440-4 TAMAN BANDAR BARU SIMPANG EMPAT,19440 SERTA LEGA DEVELOPMENT SDN. BHD.,19440-4/02-2023/0141(P),PT3485,PT3485,"RM 184,500.00","RM 184,500.00",Telah Dijual,Ya,2025-12-21,2025-12-21 03:02:15
276,19440-4 TAMAN BANDAR BARU SIMPANG EMPAT,19440 SERTA LEGA DEVELOPMENT SDN. BHD.,19440-4/02-2023/0141(P),PT3486,PT3486,"RM 184,500.00","RM 184,500.00",Telah Dijual,Ya,2025-12-21,2025-12-21 03:02:15
277,19440-4 TAMAN BANDAR BARU SIMPANG EMPAT,19440 SERTA LEGA DEVELOPMENT SDN. BHD.,19440-4/02-2023/0141(P),PT3489,PT3489,"RM 223,000.00","RM 223,000.00",Telah Dijual,Ya,2025-12-21,2025-12-21 03:02:15
278,19440-4 TAMAN BANDAR BARU SIMPANG EMPAT,19440 SERTA LEGA DEVELOPMENT SDN. BHD.,19440-4/02-2023/0141(P),PT3494,PT3494,"RM 180,000.00","RM 180,000.00",Telah Dijual,Tidak,2025-12-21,2025-12-21 03:02:15
279,19440-4 TAMAN BANDAR BARU SIMPANG EMPAT,19440 SERTA LEGA DEVELOPMENT SDN. BHD.,19440-4/02-2023/0141(P),PT3496,PT3496,"RM 180,000.00","RM 180,000.00",Telah Dijual,Tidak,2025-12-21,2025-12-21 03:02:15
280,19440-4 TAMAN BANDAR BARU SIMPANG EMPAT,19440 SERTA LEGA DEVELOPMENT SDN. BHD.,19440-4/02-2023/0141(P),PT3497,PT3497,"RM 180,000.00","RM 180,000.00",Telah Dijual,Tidak,2025-12-21,2025-12-21 03:02:15
281,19440-4 TAMAN BANDAR BARU SIMPANG EMPAT,19440 SERTA LEGA DEVELOPMENT SDN. BHD.,19440-4/02-2023/0141(P),PT3499,PT3499,"RM 180,000.00","RM 180,000.00",Telah Dijual,Tidak,2025-12-21,2025-12-21 03:02:15
282,19440-4 TAMAN BANDAR BARU SIMPANG EMPAT,19440 SERTA LEGA DEVELOPMENT SDN. BHD.,19440-4/02-2023/0141(P),PT3484,PT3484,"RM 184,500.00","RM 184,500.00",Telah Dijual,Ya,2025-12-21,2025-12-21 03:02:15
283,19440-4 TAMAN BANDAR BARU SIMPANG EMPAT,19440 SERTA LEGA DEVELOPMENT SDN. BHD.,19440-4/02-2023/0141(P),PT3488,PT3488,"RM 184,500.00","RM 184,500.00",Telah Dijual,Ya,2025-12-21,2025-12-21 03:02:15
284,19440-4 TAMAN BANDAR BARU SIMPANG EMPAT,19440 SERTA LEGA DEVELOPMENT SDN. BHD.,19440-4/02-2023/0141(P),PT3491,PT3491,"RM 180,000.00","RM 180,000.00",Telah Dijual,Tidak,2025-12-21,2025-12-21 03:02:15
285,19440-3 TAMAN MUHIBBAH,19440 SERTA LEGA DEVELOPMENT SDN. BHD.,19440-3/07-2021/0646(P),PT6139,PT6139,"RM 359,000.00","RM 359,000.00",Telah Dijual,Tidak,2025-12-21,2025-12-21 03:02:15
286,19440-3 TAMAN MUHIBBAH,19440 SERTA LEGA DEVELOPMENT SDN. BHD.,19440-3/07-2021/0646(P),PT 6125,PT 6125,"RM 434,000.00","RM 434,000.00",Telah Dijual,Tidak,2025-12-21,2025-12-21 03:02:15
287,19440-3 TAMAN MUHIBBAH,19440 SERTA LEGA DEVELOPMENT SDN. BHD.,19440-3/07-2021/0646(P),PT 6131,PT 6131,"RM 381,000.00","RM 381,000.00",Telah Dijual,Tidak,2025-12-21,2025-12-21 03:02:15
288,19440-3 TAMAN MUHIBBAH,19440 SERTA LEGA DEVELOPMENT SDN. BHD.,19440-3/07-2021/0646(P),PT 6133,PT 6133,"RM 359,000.00","RM 359,000.00",Telah Dijual,Tidak,2025-12-21,2025-12-21 03:02:15
289,19440-3 TAMAN MUHIBBAH,19440 SERTA LEGA DEVELOPMENT SDN. BHD.,19440-3/07-2021/0646(P),PT 6134,PT 6134,"RM 353,000.00","RM 353,000.00",Telah Dijual,Tidak,2025-12-21,2025-12-21 03:02:15
290,19440-3 TAMAN MUHIBBAH,19440 SERTA LEGA DEVELOPMENT SDN. BHD.,19440-3/07-2021/0646(P),PT 6135,PT 6135,"RM 357,500.00","RM 357,500.00",Telah Dijual,Tidak,2025-12-21,2025-12-21 03:02:15
291,19440-3 TAMAN MUHIBBAH,19440 SERTA LEGA DEVELOPMENT SDN. BHD.,19440-3/07-2021/0646(P),PT 6137,PT 6137,"RM 357,500.00","RM 357,500.00",Telah Dijual,Tidak,2025-12-21,2025-12-21 03:02:15
292,19440-3 TAMAN MUHIBBAH,19440 SERTA LEGA DEVELOPMENT SDN. BHD.,19440-3/07-2021/0646(P),PT6115,PT6115,"RM 447,500.00","RM 447,500.00",Telah Dijual,Tidak,2025-12-21,2025-12-21 03:02:15
293,19440-3 TAMAN MUHIBBAH,19440 SERTA LEGA DEVELOPMENT SDN. BHD.,19440-3/07-2021/0646(P),PT6127,PT6127,"RM 396,000.00","RM 396,000.00",Telah Dijual,Tidak,2025-12-21,2025-12-21 03:02:15
294,19440-3 TAMAN MUHIBBAH,19440 SERTA LEGA DEVELOPMENT SDN. BHD.,19440-3/07-2021/0646(P),PT6130,PT6130,"RM 387,000.00","RM 387,000.00",Telah Dijual,Tidak,2025-12-21,2025-12-21 03:02:15
295,19440-3 TAMAN MUHIBBAH,19440 SERTA LEGA DEVELOPMENT SDN. BHD.,19440-3/07-2021/0646(P),PT6132,PT6132,"RM 375,000.00","RM 375,000.00",Telah Dijual,Tidak,2025-12-21,2025-12-21 03:02:15
296,19440-3 TAMAN MUHIBBAH,19440 SERTA LEGA DEVELOPMENT SDN. BHD.,19440-3/07-2021/0646(P),PT6138,PT6138,"RM 368,000.00","RM 368,000.00",Telah Dijual,Tidak,2025-12-21,2025-12-21 03:02:15
297,19440-3 TAMAN MUHIBBAH,19440 SERTA LEGA DEVELOPMENT SDN. BHD.,19440-3/07-2021/0646(P),PT6136,PT6136,"RM 368,000.00","RM 368,000.00",Telah Dijual,Tidak,2025-12-21,2025-12-21 03:02:15
298,19440-3 TAMAN MUHIBBAH,19440 SERTA LEGA DEVELOPMENT SDN. BHD.,19440-3/07-2021/0646(P),PT6111,PT6111,"RM 443,000.00","RM 443,000.00",Telah Dijual,Tidak,2025-12-21,2025-12-21 03:02:15
299,19440-3 TAMAN MUHIBBAH,19440 SERTA LEGA DEVELOPMENT SDN. BHD.,19440-3/07-2021/0646(P),PT6129,PT6129,"RM 392,000.00","RM 392,000.00",Telah Dijual,Tidak,2025-12-21,2025-12-21 03:02:15
300,19440-3 TAMAN MUHIBBAH,19440 SERTA LEGA DEVELOPMENT SDN. BHD.,19440-3/07-2021/0646(P),PT6126,PT6126,"RM 398,000.00","RM 398,000.00",Telah Dijual,Tidak,2025-12-21,2025-12-21 03:02:15
301,19440-3 TAMAN MUHIBBAH,19440 SERTA LEGA DEVELOPMENT SDN. BHD.,19440-3/07-2021/0646(P),PT6112,PT6112,"RM 444,500.00","RM 444,500.00",Telah Dijual,Tidak,2025-12-21,2025-12-21 03:02:15
302,19440-3 TAMAN MUHIBBAH,19440 SERTA LEGA DEVELOPMENT SDN. BHD.,19440-3/07-2021/0646(P),PT6114,PT6114,"RM 446,500.00","RM 446,500.00",Telah Dijual,Tidak,2025-12-21,2025-12-21 03:02:15
303,19440-3 TAMAN MUHIBBAH,19440 SERTA LEGA DEVELOPMENT SDN. BHD.,19440-3/07-2021/0646(P),PT6118,PT6118,"RM 443,000.00","RM 443,000.00",Telah Dijual,Tidak,2025-12-21,2025-12-21 03:02:15
304,19440-3 TAMAN MUHIBBAH,19440 SERTA LEGA DEVELOPMENT SDN. BHD.,19440-3/07-2021/0646(P),PT6119,PT6119,"RM 441,000.00","RM 441,000.00",Telah Dijual,Tidak,2025-12-21,2025-12-21 03:02:15
305,19440-3 TAMAN MUHIBBAH,19440 SERTA LEGA DEVELOPMENT SDN. BHD.,19440-3/07-2021/0646(P),PT6120,PT6120,"RM 439,000.00","RM 439,000.00",Telah Dijual,Tidak,2025-12-21,2025-12-21 03:02:15
306,19440-3 TAMAN MUHIBBAH,19440 SERTA LEGA DEVELOPMENT SDN. BHD.,19440-3/07-2021/0646(P),PT6121,PT6121,"RM 477,000.00","RM 477,000.00",Telah Dijual,Tidak,2025-12-21,2025-12-21 03:02:15
307,19440-3 TAMAN MUHIBBAH,19440 SERTA LEGA DEVELOPMENT SDN. BHD.,19440-3/07-2021/0646(P),PT6123,PT6123,"RM 437,000.00","RM 437,000.00",Telah Dijual,Tidak,2025-12-21,2025-12-21 03:02:15
308,19440-3 TAMAN MUHIBBAH,19440 SERTA LEGA DEVELOPMENT SDN. BHD.,19440-3/07-2021/0646(P),PT6124,PT6124,"RM 436,000.00","RM 436,000.00",Telah Dijual,Tidak,2025-12-21,2025-12-21 03:02:15
309,19440-3 TAMAN MUHIBBAH,19440 SERTA LEGA DEVELOPMENT SDN. BHD.,19440-3/07-2021/0646(P),PT6117,PT6117,"RM 445,500.00","RM 445,500.00",Telah Dijual,Tidak,2025-12-21,2025-12-21 03:02:15
310,19440-2 TAMAN SRI TANJUNG DAHAN,19440 SERTA LEGA DEVELOPMENT SDN. BHD.,19440-2/10-2020/0905(P),PT1647,PT1647,"RM 333,000.00","RM 333,000.00",Telah Dijual,Tidak,2025-12-21,2025-12-21 03:02:15
311,19440-2 TAMAN SRI TANJUNG DAHAN,19440 SERTA LEGA DEVELOPMENT SDN. BHD.,19440-2/10-2020/0905(P),PT1652,PT1652,"RM 330,000.00","RM 330,000.00",Telah Dijual,Tidak,2025-12-21,2025-12-21 03:02:15
312,19440-2 TAMAN SRI TANJUNG DAHAN,19440 SERTA LEGA DEVELOPMENT SDN. BHD.,19440-2/10-2020/0905(P),PT1645,PT1645,"RM 318,000.00","RM 318,000.00",Telah Dijual,Tidak,2025-12-21,2025-12-21 03:02:15
313,19440-2 TAMAN SRI TANJUNG DAHAN,19440 SERTA LEGA DEVELOPMENT SDN. BHD.,19440-2/10-2020/0905(P),PT1648,PT1648,"RM 325,000.00","RM 325,000.00",Telah Dijual,Tidak,2025-12-21,2025-12-21 03:02:15
314,19440-2 TAMAN SRI TANJUNG DAHAN,19440 SERTA LEGA DEVELOPMENT SDN. BHD.,19440-2/10-2020/0905(P),PT1649,PT1649,"RM 327,000.00","RM 327,000.00",Telah Dijual,Tidak,2025-12-21,2025-12-21 03:02:15
315,19440-2 TAMAN SRI TANJUNG DAHAN,19440 SERTA LEGA DEVELOPMENT SDN. BHD.,19440-2/10-2020/0905(P),PT 1646,PT 1646,"RM 356,000.00","RM 356,000.00",Telah Dijual,Tidak,2025-12-21,2025-12-21 03:02:15
316,19440-2 TAMAN SRI TANJUNG DAHAN,19440 SERTA LEGA DEVELOPMENT SDN. BHD.,19440-2/10-2020/0905(P),PT 1651,PT 1651,"RM 330,000.00","RM 330,000.00",Telah Dijual,Tidak,2025-12-21,2025-12-21 03:02:15
317,19440-2 TAMAN SRI TANJUNG DAHAN,19440 SERTA LEGA DEVELOPMENT SDN. BHD.,19440-2/10-2020/0905(P),PT 1654,PT 1654,"RM 331,000.00","RM 331,000.00",Telah Dijual,Tidak,2025-12-21,2025-12-21 03:02:15
318,19440-2 TAMAN SRI TANJUNG DAHAN,19440 SERTA LEGA DEVELOPMENT SDN. BHD.,19440-2/10-2020/0905(P),PT1655,PT1655,"RM 356,000.00","RM 356,000.00",Telah Dijual,Tidak,2025-12-21,2025-12-21 03:02:15
319,19440-2 TAMAN SRI TANJUNG DAHAN,19440 SERTA LEGA DEVELOPMENT SDN. BHD.,19440-2/10-2020/0905(P),PT1650,PT1650,"RM 354,000.00","RM 354,000.00",Telah Dijual,Tidak,2025-12-21,2025-12-21 03:02:15
320,19440-2 TAMAN SRI TANJUNG DAHAN,19440 SERTA LEGA DEVELOPMENT SDN. BHD.,19440-2/10-2020/0905(P),PT1653,PT1653,"RM 351,000.00","RM 351,000.00",Telah Dijual,Tidak,2025-12-21,2025-12-21 03:02:15
321,19440-1 TAMAN GADEK INDAH,19440 SERTA LEGA DEVELOPMENT SDN. BHD.,19440-1/06-2020/0561(P),PT2271,PT2271,"RM 305,000.00","RM 305,000.00",Telah Dijual,Tidak,2025-12-21,2025-12-21 03:02:15
322,19440-1 TAMAN GADEK INDAH,19440 SERTA LEGA DEVELOPMENT SDN. BHD.,19440-1/06-2020/0561(P),PT2273,PT2273,"RM 370,000.00","RM 370,000.00",Telah Dijual,Tidak,2025-12-21,2025-12-21 03:02:15
323,19440-1 TAMAN GADEK INDAH,19440 SERTA LEGA DEVELOPMENT SDN. BHD.,19440-1/06-2020/0561(P),PT2278,PT2278,"RM 318,000.00","RM 318,000.00",Telah Dijual,Tidak,2025-12-21,2025-12-21 03:02:15
324,19440-1 TAMAN GADEK INDAH,19440 SERTA LEGA DEVELOPMENT SDN. BHD.,19440-1/06-2020/0561(P),PT2269,PT2269,"RM 320,000.00","RM 320,000.00",Telah Dijual,Tidak,2025-12-21,2025-12-21 03:02:15
325,19440-1 TAMAN GADEK INDAH,19440 SERTA LEGA DEVELOPMENT SDN. BHD.,19440-1/06-2020/0561(P),PT2263,PT2263,"RM 360,000.00","RM 360,000.00",Telah Dijual,Tidak,2025-12-21,2025-12-21 03:02:15
326,19440-1 TAMAN GADEK INDAH,19440 SERTA LEGA DEVELOPMENT SDN. BHD.,19440-1/06-2020/0561(P),PT2264,PT2264,"RM 374,000.00","RM 374,000.00",Telah Dijual,Tidak,2025-12-21,2025-12-21 03:02:15
327,19440-1 TAMAN GADEK INDAH,19440 SERTA LEGA DEVELOPMENT SDN. BHD.,19440-1/06-2020/0561(P),PT2266,PT2266,"RM 376,000.00","RM 376,000.00",Telah Dijual,Tidak,2025-12-21,2025-12-21 03:02:15
328,19440-1 TAMAN GADEK INDAH,19440 SERTA LEGA DEVELOPMENT SDN. BHD.,19440-1/06-2020/0561(P),PT2268,PT2268,"RM 305,000.00","RM 305,000.00",Telah Dijual,Tidak,2025-12-21,2025-12-21 03:02:15
329,19440-1 TAMAN GADEK INDAH,19440 SERTA LEGA DEVELOPMENT SDN. BHD.,19440-1/06-2020/0561(P),PT2270,PT2270,"RM 305,000.00","RM 305,000.00",Telah Dijual,Tidak,2025-12-21,2025-12-21 03:02:15
330,19440-1 TAMAN GADEK INDAH,19440 SERTA LEGA DEVELOPMENT SDN. BHD.,19440-1/06-2020/0561(P),PT2272,PT2272,"RM 460,000.00","RM 460,000.00",Telah Dijual,Tidak,2025-12-21,2025-12-21 03:02:15
331,19440-1 TAMAN GADEK INDAH,19440 SERTA LEGA DEVELOPMENT SDN. BHD.,19440-1/06-2020/0561(P),PT2274,PT2274,"RM 305,000.00","RM 305,000.00",Telah Dijual,Tidak,2025-12-21,2025-12-21 03:02:15
332,19440-1 TAMAN GADEK INDAH,19440 SERTA LEGA DEVELOPMENT SDN. BHD.,19440-1/06-2020/0561(P),PT2275,PT2275,"RM 305,000.00","RM 305,000.00",Telah Dijual,Tidak,2025-12-21,2025-12-21 03:02:15
333,19440-1 TAMAN GADEK INDAH,19440 SERTA LEGA DEVELOPMENT SDN. BHD.,19440-1/06-2020/0561(P),PT2277,PT2277,"RM 339,000.00","RM 339,000.00",Telah Dijual,Tidak,2025-12-21,2025-12-21 03:02:15
334,19440-1 TAMAN GADEK INDAH,19440 SERTA LEGA DEVELOPMENT SDN. BHD.,19440-1/06-2020/0561(P),PT2262,PT2262,"RM 370,000.00","RM 370,000.00",Telah Dijual,Tidak,2025-12-21,2025-12-21 03:02:15
335,19440-1 TAMAN GADEK INDAH,19440 SERTA LEGA DEVELOPMENT SDN. BHD.,19440-1/06-2020/0561(P),PT2267,PT2267,"RM 361,000.00","RM 361,000.00",Telah Dijual,Tidak,2025-12-21,2025-12-21 03:02:15
